FREQ,Frequenza,REF_AREA,Territorio,DATA_TYPE,Indicatore,ECON_ACTIVITY_NACE_2007,Attività economica (ATECO 2007),PERS_EMPL_SIZE_CLASS,Classe di addetti,TIME_PERIOD,Osservazione,OBS_STATUS,'Stato dell"'osservazione',NOTE_REF_AREA,Territorio (NOTE_REF_AREA),NOTE_DATA_TYPE,Indicatore (NOTE_DATA_TYPE),NOTE_ECON_ACTIVITY_NACE_2007,Attività economica (ATECO 2007) (NOTE_ECON_ACTIVITY_NACE_2007),NOTE_PERS_EMPL_SIZE_CLASS,Classe di addetti (NOTE_PERS_EMPL_SIZE_CLASS),NOTE_TIME_PERIOD,Tempo (NOTE_TIME_PERIOD),BASE_PER,Anno base,UNIT_MEAS,Unità di misura,UNIT_MULT,Unità di moltiplicazione
A,Annuale,IT,Italia,E_ITSP2_PERC,'Imprese che impiegano, tra i propri addetti, specialisti ICT  (incidenza %)',C,Attività manifatturiere,W_GE10,10 e più,2024,13.64,,,,,,,,,,,,,,,,,,
A,Annuale,IT,Italia,E_ITSP2_PERC,'Imprese che impiegano, tra i propri addetti, specialisti ICT  (incidenza %)',CA,'Industrie alimentari, delle bevande e del tabacco',W_GE10,10 e più,2024,10.07,,,,,,,ATECO_2007__CA_N1,'Industrie alimentari, delle bevande e del tabacco: in questo aggregato sono comprese le seguenti attività economiche in termini di Ateco 2007: 10, 11, 12',,,,,,,,,,
A,Annuale,IT,Italia,E_ITSP2_PERC,'Imprese che impiegano, tra i propri addetti, specialisti ICT  (incidenza %)',CB,'Industrie tessili, dell"'abbigliamento, articoli in pelle e simili',W_GE10,10 e più,2024,6.39,,,,,,,ATECO_2007__CB_N1,'Industrie tessili, dell"'abbigliamento, articoli in pelle e simili: in questo aggregato sono comprese le seguenti attività economiche in termini di Ateco 2007: 13, 14, 15',,,,,,,,,,
A,Annuale,IT,Italia,E_ITSP2_PERC,'Imprese che impiegano, tra i propri addetti, specialisti ICT  (incidenza %)',CC,'Industria dei prodotti in legno e carta, stampa',W_GE10,10 e più,2024,12.3,,,,,,,ATECO_2007__CC_N1,'Industria dei prodotti in legno e carta, stampa: in questo aggregato sono comprese le seguenti attività economiche in termini di Ateco 2007: 16, 17, 18',,,,,,,,,,
A,Annuale,IT,Italia,E_ITSP2_PERC,'Imprese che impiegano, tra i propri addetti, specialisti ICT  (incidenza %)',CD-CG,'Fabbricazione di coke e di prodotti derivanti dalla raffinazione del petrolio, di prodotti chimici,  di prodotti farmaceutici, di articoli in gomma e materie plastiche e di prodotti della lavorazione di minerali non metalliferi',W_GE10,10 e più,2024,17.45,,,,,,,ATECO_2007__CD-CG_N1,'Fabbricazione di coke e di prodotti derivanti dalla raffinazione del petrolio, di prodotti chimici, di prodotti farmaceutici, di articoli in gomma e materie plastiche e di prodotti della lavorazione di minerali non metalliferi: in questo aggregato sono comprese le seguenti attività economiche in termini di Ateco 2007: 19, 20, 21, 22, 23',,,,,,,,,,
A,Annuale,IT,Italia,E_ITSP2_PERC,'Imprese che impiegano, tra i propri addetti, specialisti ICT  (incidenza %)',CH,Metallurgia  e fabbricazione di prodotti in metallo esclusi macchinari e attrezzature,W_GE10,10 e più,2024,9.94,,,,,,,ATECO_2007__CH_N1,'Metallurgia e fabbricazione di prodotti in metallo esclusi macchinari e attrezzature: in questo aggregato sono comprese le seguenti attività economiche in termini di Ateco 2007: 24, 25',,,,,,,,,,
A,Annuale,IT,Italia,E_ITSP2_PERC,'Imprese che impiegano, tra i propri addetti, specialisti ICT  (incidenza %)',26,'Fabbricazione di computer e prodotti di elettronica e ottica, apparecchi elettromedicali, apparecchi di misurazione e di orologi',W_GE10,10 e più,2024,36.31,,,,,,,,,,,,,,,,,,
A,Annuale,IT,Italia,E_ITSP2_PERC,'Imprese che impiegano, tra i propri addetti, specialisti ICT  (incidenza %)',CJ-CK,Fabbricazione di apparecchiature elettriche ed apparecchiature per uso domestico non elettriche e di macchinari ed apparecchiature nca,W_GE10,10 e più,2024,22.87,,,,,,,ATECO_2007__CJ-CK_N1,'Fabbricazione di apparecchiature elettriche ed apparecchiature per uso domestico non elettriche e di macchinari ed apparecchiature nca: in questo aggregato sono comprese le seguenti attività economiche in termini di Ateco 2007: 27, 28',,,,,,,,,,
A,Annuale,IT,Italia,E_ITSP2_PERC,'Imprese che impiegano, tra i propri addetti, specialisti ICT  (incidenza %)',CL,Fabbricazione di mezzi di trasporto,W_GE10,10 e più,2024,23.39,,,,,,,ATECO_2007__CL_N1,'Fabbricazione di mezzi di trasporto: in questo aggregato sono comprese le seguenti attività economiche in termini di Ateco 2007: 29, 30',,,,,,,,,,
A,Annuale,IT,Italia,E_ITSP2_PERC,'Imprese che impiegano, tra i propri addetti, specialisti ICT  (incidenza %)',CM,'Altre industrie manifatturiere, riparazione e installazione di macchine e apparecchiature',W_GE10,10 e più,2024,12.34,,,,,,,ATECO_2007__CM_N1,'Altre industrie manifatturiere, riparazione e installazione di macchine e apparecchiature: in questo aggregato sono comprese le seguenti attività economiche in termini di Ateco 2007: 31, 32, 33',,,,,,,,,,
A,Annuale,IT,Italia,E_ITSP2_PERC,'Imprese che impiegano, tra i propri addetti, specialisti ICT  (incidenza %)',0036,'Fornitura di energia elettrica, gas, vapore e aria condizionata, acqua, reti fognarie, attività di gestione dei rifiuti e risanamento (d-e)',W_GE10,10 e più,2024,17.23,,,,,,,,,,,,,,,,,,
A,Annuale,IT,Italia,E_ITSP2_PERC,'Imprese che impiegano, tra i propri addetti, specialisti ICT  (incidenza %)',F,Costruzioni,W_GE10,10 e più,2024,5.3,,,,,,,ATECO_2007__F_N1,'Costruzioni: in questo aggregato sono comprese le seguenti attività economiche in termini di Ateco 2007: 41, 42, 43',,,,,,,,,,
A,Annuale,IT,Italia,E_ITSP2_PERC,'Imprese che impiegano, tra i propri addetti, specialisti ICT  (incidenza %)',G,'Commercio all"'ingrosso e al dettaglio, riparazione di autoveicoli e motocicli',W_GE10,10 e più,2024,11.87,,,,,,,ATECO_2007__G_N1,'Commercio all"'ingrosso e al dettaglio riparazione di autoveicoli e motocicli: in questo aggregato sono comprese le seguenti attività economiche in termini di Ateco 2007: 45, 46, 47',,,,,,,,,,
A,Annuale,IT,Italia,E_ITSP2_PERC,'Imprese che impiegano, tra i propri addetti, specialisti ICT  (incidenza %)',47,Commercio al dettaglio (escluso quello di autoveicoli e di motocicli),W_GE10,10 e più,2024,5.16,,,,,,,,,,,,,,,,,,
A,Annuale,IT,Italia,E_ITSP2_PERC,'Imprese che impiegano, tra i propri addetti, specialisti ICT  (incidenza %)',0049,'Trasporto e magazzinaggio, esclusi servizi postali e corrieri (h escluso 53)',W_GE10,10 e più,2024,9.99,,,,,,,ATECO_2007__0049_N1,'Trasporto e magazzinaggio, esclusi servizi postali e corrieri (h escluso 53): in questo aggregato sono comprese le seguenti attività economiche in termini di Ateco 2007: 49, 50, 51, 52',,,,,,,,,,
A,Annuale,IT,Italia,E_ITSP2_PERC,'Imprese che impiegano, tra i propri addetti, specialisti ICT  (incidenza %)',53,Servizi postali e attività di corriere,W_GE10,10 e più,2024,4.6,,,,,,,,,,,,,,,,,,
A,Annuale,IT,Italia,E_ITSP2_PERC,'Imprese che impiegano, tra i propri addetti, specialisti ICT  (incidenza %)',55,Alloggio,W_GE10,10 e più,2024,5.77,,,,,,,,,,,,,,,,,,
A,Annuale,IT,Italia,E_ITSP2_PERC,'Imprese che impiegano, tra i propri addetti, specialisti ICT  (incidenza %)',56,Attività dei servizi di ristorazione,W_GE10,10 e più,2024,0.27,,,,,,,,,,,,,,,,,,
A,Annuale,IT,Italia,E_ITSP2_PERC,'Imprese che impiegano, tra i propri addetti, specialisti ICT  (incidenza %)',JA_X_58,'Attività di produzione cinematografica, di video e di programmi televisivi, di registrazioni musicali e sonore',W_GE10,10 e più,2024,26.18,,,,,,,ATECO_2007__JA_X_58_N1,'Attività di produzione cinematografica, di video e di programmi televisivi, di registrazioni musicali e sonore: in questo aggregato sono comprese le seguenti attività economiche in termini di Ateco 2007: 59, 60',,,,,,,,,,
A,Annuale,IT,Italia,E_ITSP2_PERC,'Imprese che impiegano, tra i propri addetti, specialisti ICT  (incidenza %)',58,Attività editoriali,W_GE10,10 e più,2024,43.01,,,,,,,,,,,,,,,,,,
A,Annuale,IT,Italia,E_ITSP2_PERC,'Imprese che impiegano, tra i propri addetti, specialisti ICT  (incidenza %)',61,Telecomunicazioni,W_GE10,10 e più,2024,74.19,,,,,,,,,,,,,,,,,,
A,Annuale,IT,Italia,E_ITSP2_PERC,'Imprese che impiegano, tra i propri addetti, specialisti ICT  (incidenza %)',JC,'Informatica ed altri servizi d"'informazione',W_GE10,10 e più,2024,66.08,,,,,,,ATECO_2007__JC_N1,'Informatica ed altri servizi d"'informazione: in questo aggregato sono comprese le seguenti attività economiche in termini di Ateco 2007: 62, 63',,,,,,,,,,
A,Annuale,IT,Italia,E_ITSP2_PERC,'Imprese che impiegano, tra i propri addetti, specialisti ICT  (incidenza %)',68,Attività immobiliari,W_GE10,10 e più,2024,11.07,,,,,,,,,,,,,,,,,,
A,Annuale,IT,Italia,E_ITSP2_PERC,'Imprese che impiegano, tra i propri addetti, specialisti ICT  (incidenza %)',M,'Attività professionali, scientifiche e tecniche',W_GE10,10 e più,2024,20.93,,,,,,,,,,,,,,,,,,
A,Annuale,IT,Italia,E_ITSP2_PERC,'Imprese che impiegano, tra i propri addetti, specialisti ICT  (incidenza %)',0032,'Noleggio, agenzie di viaggio, servizi di supporto alle imprese escluso attività dei servizi delle agenzie di viaggio, dei tour operator e servizi di prenotazione e attività connesse (N escluso 79)',W_GE10,10 e più,2024,14.42,,,,,,,ATECO_2007__0032_N1,'Noleggio, agenzie di viaggio, servizi di supporto alle imprese escluso attività dei servizi delle agenzie di viaggio, dei tour operator e servizi di prenotazione e attività connesse (N escluso 79): in questo aggregato sono comprese le seguenti attività economiche in termini di Ateco 2007: 77, 78, 80, 81, 82',,,,,,,,,,
A,Annuale,IT,Italia,E_ITSP2_PERC,'Imprese che impiegano, tra i propri addetti, specialisti ICT  (incidenza %)',79,'Attività dei servizi delle agenzie di viaggio, dei tour operator e servizi di prenotazione e attività connesse',W_GE10,10 e più,2024,15.51,,,,,,,,,,,,,,,,,,
A,Annuale,IT,Italia,E_ITSP2_PERC,'Imprese che impiegano, tra i propri addetti, specialisti ICT  (incidenza %)',0033,Settore ict,W_GE10,10 e più,2024,62.07,,,,,,,ATECO_2007__0033_N1,'Settore ict: in questo aggregato sono comprese le seguenti attività economiche in termini di Ateco 2007: 261, 262, 263, 264, 268, 465, 582, 61, 62, 631, 951',,,,,,,,,,
A,Annuale,IT,Italia,E_ITSP2_PERC,'Imprese che impiegano, tra i propri addetti, specialisti ICT  (incidenza %)',0034_B,'Totale servizi non finanziari (g-n, incluso 951, escluso k)',W_GE10,10 e più,2024,13.23,,,,,,,,,,,,,,,,,,
A,Annuale,IT,Italia,E_ITSP2_PERC,'Imprese che impiegano, tra i propri addetti, specialisti ICT  (incidenza %)',0035_B,'Totale attività economiche (c-n, inclusa la 951, escluso k)',W_GE10,10 e più,2024,12.41,,,,,,,,,,,,,,,,,,
A,Annuale,IT,Italia,E_ITSPRCR2_PERC,'Imprese che nell"'anno precedente hanno assunto o provato ad assumere personale con competenze specialistiche in ICT  (incidenza %)',C,Attività manifatturiere,W_GE10,10 e più,2024,4.31,,,,,,,,,,,,,,,,,,
A,Annuale,IT,Italia,E_ITSPRCR2_PERC,'Imprese che nell"'anno precedente hanno assunto o provato ad assumere personale con competenze specialistiche in ICT  (incidenza %)',CA,'Industrie alimentari, delle bevande e del tabacco',W_GE10,10 e più,2024,3.91,,,,,,,ATECO_2007__CA_N1,'Industrie alimentari, delle bevande e del tabacco: in questo aggregato sono comprese le seguenti attività economiche in termini di Ateco 2007: 10, 11, 12',,,,,,,,,,
A,Annuale,IT,Italia,E_ITSPRCR2_PERC,'Imprese che nell"'anno precedente hanno assunto o provato ad assumere personale con competenze specialistiche in ICT  (incidenza %)',CB,'Industrie tessili, dell"'abbigliamento, articoli in pelle e simili',W_GE10,10 e più,2024,2.88,,,,,,,ATECO_2007__CB_N1,'Industrie tessili, dell"'abbigliamento, articoli in pelle e simili: in questo aggregato sono comprese le seguenti attività economiche in termini di Ateco 2007: 13, 14, 15',,,,,,,,,,
A,Annuale,IT,Italia,E_ITSPRCR2_PERC,'Imprese che nell"'anno precedente hanno assunto o provato ad assumere personale con competenze specialistiche in ICT  (incidenza %)',CC,'Industria dei prodotti in legno e carta, stampa',W_GE10,10 e più,2024,2.96,,,,,,,ATECO_2007__CC_N1,'Industria dei prodotti in legno e carta, stampa: in questo aggregato sono comprese le seguenti attività economiche in termini di Ateco 2007: 16, 17, 18',,,,,,,,,,
A,Annuale,IT,Italia,E_ITSPRCR2_PERC,'Imprese che nell"'anno precedente hanno assunto o provato ad assumere personale con competenze specialistiche in ICT  (incidenza %)',CD-CG,'Fabbricazione di coke e di prodotti derivanti dalla raffinazione del petrolio, di prodotti chimici,  di prodotti farmaceutici, di articoli in gomma e materie plastiche e di prodotti della lavorazione di minerali non metalliferi',W_GE10,10 e più,2024,5.35,,,,,,,ATECO_2007__CD-CG_N1,'Fabbricazione di coke e di prodotti derivanti dalla raffinazione del petrolio, di prodotti chimici, di prodotti farmaceutici, di articoli in gomma e materie plastiche e di prodotti della lavorazione di minerali non metalliferi: in questo aggregato sono comprese le seguenti attività economiche in termini di Ateco 2007: 19, 20, 21, 22, 23',,,,,,,,,,
A,Annuale,IT,Italia,E_ITSPRCR2_PERC,'Imprese che nell"'anno precedente hanno assunto o provato ad assumere personale con competenze specialistiche in ICT  (incidenza %)',CH,Metallurgia  e fabbricazione di prodotti in metallo esclusi macchinari e attrezzature,W_GE10,10 e più,2024,2.61,,,,,,,ATECO_2007__CH_N1,'Metallurgia e fabbricazione di prodotti in metallo esclusi macchinari e attrezzature: in questo aggregato sono comprese le seguenti attività economiche in termini di Ateco 2007: 24, 25',,,,,,,,,,
A,Annuale,IT,Italia,E_ITSPRCR2_PERC,'Imprese che nell"'anno precedente hanno assunto o provato ad assumere personale con competenze specialistiche in ICT  (incidenza %)',26,'Fabbricazione di computer e prodotti di elettronica e ottica, apparecchi elettromedicali, apparecchi di misurazione e di orologi',W_GE10,10 e più,2024,15.75,,,,,,,,,,,,,,,,,,
A,Annuale,IT,Italia,E_ITSPRCR2_PERC,'Imprese che nell"'anno precedente hanno assunto o provato ad assumere personale con competenze specialistiche in ICT  (incidenza %)',CJ-CK,Fabbricazione di apparecchiature elettriche ed apparecchiature per uso domestico non elettriche e di macchinari ed apparecchiature nca,W_GE10,10 e più,2024,4.94,,,,,,,ATECO_2007__CJ-CK_N1,'Fabbricazione di apparecchiature elettriche ed apparecchiature per uso domestico non elettriche e di macchinari ed apparecchiature nca: in questo aggregato sono comprese le seguenti attività economiche in termini di Ateco 2007: 27, 28',,,,,,,,,,
A,Annuale,IT,Italia,E_ITSPRCR2_PERC,'Imprese che nell"'anno precedente hanno assunto o provato ad assumere personale con competenze specialistiche in ICT  (incidenza %)',CL,Fabbricazione di mezzi di trasporto,W_GE10,10 e più,2024,12.3,,,,,,,ATECO_2007__CL_N1,'Fabbricazione di mezzi di trasporto: in questo aggregato sono comprese le seguenti attività economiche in termini di Ateco 2007: 29, 30',,,,,,,,,,
A,Annuale,IT,Italia,E_ITSPRCR2_PERC,'Imprese che nell"'anno precedente hanno assunto o provato ad assumere personale con competenze specialistiche in ICT  (incidenza %)',CM,'Altre industrie manifatturiere, riparazione e installazione di macchine e apparecchiature',W_GE10,10 e più,2024,4.95,,,,,,,ATECO_2007__CM_N1,'Altre industrie manifatturiere, riparazione e installazione di macchine e apparecchiature: in questo aggregato sono comprese le seguenti attività economiche in termini di Ateco 2007: 31, 32, 33',,,,,,,,,,
A,Annuale,IT,Italia,E_ITSPRCR2_PERC,'Imprese che nell"'anno precedente hanno assunto o provato ad assumere personale con competenze specialistiche in ICT  (incidenza %)',0036,'Fornitura di energia elettrica, gas, vapore e aria condizionata, acqua, reti fognarie, attività di gestione dei rifiuti e risanamento (d-e)',W_GE10,10 e più,2024,6.58,,,,,,,,,,,,,,,,,,
A,Annuale,IT,Italia,E_ITSPRCR2_PERC,'Imprese che nell"'anno precedente hanno assunto o provato ad assumere personale con competenze specialistiche in ICT  (incidenza %)',F,Costruzioni,W_GE10,10 e più,2024,2.07,,,,,,,ATECO_2007__F_N1,'Costruzioni: in questo aggregato sono comprese le seguenti attività economiche in termini di Ateco 2007: 41, 42, 43',,,,,,,,,,
A,Annuale,IT,Italia,E_ITSPRCR2_PERC,'Imprese che nell"'anno precedente hanno assunto o provato ad assumere personale con competenze specialistiche in ICT  (incidenza %)',G,'Commercio all"'ingrosso e al dettaglio, riparazione di autoveicoli e motocicli',W_GE10,10 e più,2024,4.21,,,,,,,ATECO_2007__G_N1,'Commercio all"'ingrosso e al dettaglio riparazione di autoveicoli e motocicli: in questo aggregato sono comprese le seguenti attività economiche in termini di Ateco 2007: 45, 46, 47',,,,,,,,,,
A,Annuale,IT,Italia,E_ITSPRCR2_PERC,'Imprese che nell"'anno precedente hanno assunto o provato ad assumere personale con competenze specialistiche in ICT  (incidenza %)',47,Commercio al dettaglio (escluso quello di autoveicoli e di motocicli),W_GE10,10 e più,2024,2.92,,,,,,,,,,,,,,,,,,
A,Annuale,IT,Italia,E_ITSPRCR2_PERC,'Imprese che nell"'anno precedente hanno assunto o provato ad assumere personale con competenze specialistiche in ICT  (incidenza %)',0049,'Trasporto e magazzinaggio, esclusi servizi postali e corrieri (h escluso 53)',W_GE10,10 e più,2024,3.29,,,,,,,ATECO_2007__0049_N1,'Trasporto e magazzinaggio, esclusi servizi postali e corrieri (h escluso 53): in questo aggregato sono comprese le seguenti attività economiche in termini di Ateco 2007: 49, 50, 51, 52',,,,,,,,,,
A,Annuale,IT,Italia,E_ITSPRCR2_PERC,'Imprese che nell"'anno precedente hanno assunto o provato ad assumere personale con competenze specialistiche in ICT  (incidenza %)',53,Servizi postali e attività di corriere,W_GE10,10 e più,2024,1.74,,,,,,,,,,,,,,,,,,
A,Annuale,IT,Italia,E_ITSPRCR2_PERC,'Imprese che nell"'anno precedente hanno assunto o provato ad assumere personale con competenze specialistiche in ICT  (incidenza %)',55,Alloggio,W_GE10,10 e più,2024,3.23,,,,,,,,,,,,,,,,,,
A,Annuale,IT,Italia,E_ITSPRCR2_PERC,'Imprese che nell"'anno precedente hanno assunto o provato ad assumere personale con competenze specialistiche in ICT  (incidenza %)',56,Attività dei servizi di ristorazione,W_GE10,10 e più,2024,1.97,,,,,,,,,,,,,,,,,,
A,Annuale,IT,Italia,E_ITSPRCR2_PERC,'Imprese che nell"'anno precedente hanno assunto o provato ad assumere personale con competenze specialistiche in ICT  (incidenza %)',JA_X_58,'Attività di produzione cinematografica, di video e di programmi televisivi, di registrazioni musicali e sonore',W_GE10,10 e più,2024,7.03,,,,,,,ATECO_2007__JA_X_58_N1,'Attività di produzione cinematografica, di video e di programmi televisivi, di registrazioni musicali e sonore: in questo aggregato sono comprese le seguenti attività economiche in termini di Ateco 2007: 59, 60',,,,,,,,,,
A,Annuale,IT,Italia,E_ITSPRCR2_PERC,'Imprese che nell"'anno precedente hanno assunto o provato ad assumere personale con competenze specialistiche in ICT  (incidenza %)',58,Attività editoriali,W_GE10,10 e più,2024,17.33,,,,,,,,,,,,,,,,,,
A,Annuale,IT,Italia,E_ITSPRCR2_PERC,'Imprese che nell"'anno precedente hanno assunto o provato ad assumere personale con competenze specialistiche in ICT  (incidenza %)',61,Telecomunicazioni,W_GE10,10 e più,2024,39.64,,,,,,,,,,,,,,,,,,
A,Annuale,IT,Italia,E_ITSPRCR2_PERC,'Imprese che nell"'anno precedente hanno assunto o provato ad assumere personale con competenze specialistiche in ICT  (incidenza %)',JC,'Informatica ed altri servizi d"'informazione',W_GE10,10 e più,2024,39.16,,,,,,,ATECO_2007__JC_N1,'Informatica ed altri servizi d"'informazione: in questo aggregato sono comprese le seguenti attività economiche in termini di Ateco 2007: 62, 63',,,,,,,,,,
A,Annuale,IT,Italia,E_ITSPRCR2_PERC,'Imprese che nell"'anno precedente hanno assunto o provato ad assumere personale con competenze specialistiche in ICT  (incidenza %)',68,Attività immobiliari,W_GE10,10 e più,2024,5.33,,,,,,,,,,,,,,,,,,
A,Annuale,IT,Italia,E_ITSPRCR2_PERC,'Imprese che nell"'anno precedente hanno assunto o provato ad assumere personale con competenze specialistiche in ICT  (incidenza %)',M,'Attività professionali, scientifiche e tecniche',W_GE10,10 e più,2024,8.93,,,,,,,,,,,,,,,,,,
A,Annuale,IT,Italia,E_ITSPRCR2_PERC,'Imprese che nell"'anno precedente hanno assunto o provato ad assumere personale con competenze specialistiche in ICT  (incidenza %)',0032,'Noleggio, agenzie di viaggio, servizi di supporto alle imprese escluso attività dei servizi delle agenzie di viaggio, dei tour operator e servizi di prenotazione e attività connesse (N escluso 79)',W_GE10,10 e più,2024,4.87,,,,,,,ATECO_2007__0032_N1,'Noleggio, agenzie di viaggio, servizi di supporto alle imprese escluso attività dei servizi delle agenzie di viaggio, dei tour operator e servizi di prenotazione e attività connesse (N escluso 79): in questo aggregato sono comprese le seguenti attività economiche in termini di Ateco 2007: 77, 78, 80, 81, 82',,,,,,,,,,
A,Annuale,IT,Italia,E_ITSPRCR2_PERC,'Imprese che nell"'anno precedente hanno assunto o provato ad assumere personale con competenze specialistiche in ICT  (incidenza %)',79,'Attività dei servizi delle agenzie di viaggio, dei tour operator e servizi di prenotazione e attività connesse',W_GE10,10 e più,2024,8.5,,,,,,,,,,,,,,,,,,
A,Annuale,IT,Italia,E_ITSPRCR2_PERC,'Imprese che nell"'anno precedente hanno assunto o provato ad assumere personale con competenze specialistiche in ICT  (incidenza %)',0033,Settore ict,W_GE10,10 e più,2024,35.49,,,,,,,ATECO_2007__0033_N1,'Settore ict: in questo aggregato sono comprese le seguenti attività economiche in termini di Ateco 2007: 261, 262, 263, 264, 268, 465, 582, 61, 62, 631, 951',,,,,,,,,,
A,Annuale,IT,Italia,E_ITSPRCR2_PERC,'Imprese che nell"'anno precedente hanno assunto o provato ad assumere personale con competenze specialistiche in ICT  (incidenza %)',0034_B,'Totale servizi non finanziari (g-n, incluso 951, escluso k)',W_GE10,10 e più,2024,6.06,,,,,,,,,,,,,,,,,,
A,Annuale,IT,Italia,E_ITSPRCR2_PERC,'Imprese che nell"'anno precedente hanno assunto o provato ad assumere personale con competenze specialistiche in ICT  (incidenza %)',0035_B,'Totale attività economiche (c-n, inclusa la 951, escluso k)',W_GE10,10 e più,2024,4.99,,,,,,,,,,,,,,,,,,
A,Annuale,IT,Italia,E_ITSPVAC2_PERC,Con difficoltà a ricoprire i posti vacanti  (incidenza %),C,Attività manifatturiere,W_GE10,10 e più,2024,2.65,,,,,,,,,,,,,,,,,,
A,Annuale,IT,Italia,E_ITSPVAC2_PERC,Con difficoltà a ricoprire i posti vacanti  (incidenza %),CA,'Industrie alimentari, delle bevande e del tabacco',W_GE10,10 e più,2024,2.7,,,,,,,ATECO_2007__CA_N1,'Industrie alimentari, delle bevande e del tabacco: in questo aggregato sono comprese le seguenti attività economiche in termini di Ateco 2007: 10, 11, 12',,,,,,,,,,
A,Annuale,IT,Italia,E_ITSPVAC2_PERC,Con difficoltà a ricoprire i posti vacanti  (incidenza %),CB,'Industrie tessili, dell"'abbigliamento, articoli in pelle e simili',W_GE10,10 e più,2024,1.36,,,,,,,ATECO_2007__CB_N1,'Industrie tessili, dell"'abbigliamento, articoli in pelle e simili: in questo aggregato sono comprese le seguenti attività economiche in termini di Ateco 2007: 13, 14, 15',,,,,,,,,,
A,Annuale,IT,Italia,E_ITSPVAC2_PERC,Con difficoltà a ricoprire i posti vacanti  (incidenza %),CC,'Industria dei prodotti in legno e carta, stampa',W_GE10,10 e più,2024,1.18,,,,,,,ATECO_2007__CC_N1,'Industria dei prodotti in legno e carta, stampa: in questo aggregato sono comprese le seguenti attività economiche in termini di Ateco 2007: 16, 17, 18',,,,,,,,,,
A,Annuale,IT,Italia,E_ITSPVAC2_PERC,Con difficoltà a ricoprire i posti vacanti  (incidenza %),CD-CG,'Fabbricazione di coke e di prodotti derivanti dalla raffinazione del petrolio, di prodotti chimici,  di prodotti farmaceutici, di articoli in gomma e materie plastiche e di prodotti della lavorazione di minerali non metalliferi',W_GE10,10 e più,2024,2.8,,,,,,,ATECO_2007__CD-CG_N1,'Fabbricazione di coke e di prodotti derivanti dalla raffinazione del petrolio, di prodotti chimici, di prodotti farmaceutici, di articoli in gomma e materie plastiche e di prodotti della lavorazione di minerali non metalliferi: in questo aggregato sono comprese le seguenti attività economiche in termini di Ateco 2007: 19, 20, 21, 22, 23',,,,,,,,,,
A,Annuale,IT,Italia,E_ITSPVAC2_PERC,Con difficoltà a ricoprire i posti vacanti  (incidenza %),CH,Metallurgia  e fabbricazione di prodotti in metallo esclusi macchinari e attrezzature,W_GE10,10 e più,2024,1.73,,,,,,,ATECO_2007__CH_N1,'Metallurgia e fabbricazione di prodotti in metallo esclusi macchinari e attrezzature: in questo aggregato sono comprese le seguenti attività economiche in termini di Ateco 2007: 24, 25',,,,,,,,,,
A,Annuale,IT,Italia,E_ITSPVAC2_PERC,Con difficoltà a ricoprire i posti vacanti  (incidenza %),26,'Fabbricazione di computer e prodotti di elettronica e ottica, apparecchi elettromedicali, apparecchi di misurazione e di orologi',W_GE10,10 e più,2024,13.31,,,,,,,,,,,,,,,,,,
A,Annuale,IT,Italia,E_ITSPVAC2_PERC,Con difficoltà a ricoprire i posti vacanti  (incidenza %),CJ-CK,Fabbricazione di apparecchiature elettriche ed apparecchiature per uso domestico non elettriche e di macchinari ed apparecchiature nca,W_GE10,10 e più,2024,3.31,,,,,,,ATECO_2007__CJ-CK_N1,'Fabbricazione di apparecchiature elettriche ed apparecchiature per uso domestico non elettriche e di macchinari ed apparecchiature nca: in questo aggregato sono comprese le seguenti attività economiche in termini di Ateco 2007: 27, 28',,,,,,,,,,
A,Annuale,IT,Italia,E_ITSPVAC2_PERC,Con difficoltà a ricoprire i posti vacanti  (incidenza %),CL,Fabbricazione di mezzi di trasporto,W_GE10,10 e più,2024,10.97,,,,,,,ATECO_2007__CL_N1,'Fabbricazione di mezzi di trasporto: in questo aggregato sono comprese le seguenti attività economiche in termini di Ateco 2007: 29, 30',,,,,,,,,,
A,Annuale,IT,Italia,E_ITSPVAC2_PERC,Con difficoltà a ricoprire i posti vacanti  (incidenza %),CM,'Altre industrie manifatturiere, riparazione e installazione di macchine e apparecchiature',W_GE10,10 e più,2024,2.13,,,,,,,ATECO_2007__CM_N1,'Altre industrie manifatturiere, riparazione e installazione di macchine e apparecchiature: in questo aggregato sono comprese le seguenti attività economiche in termini di Ateco 2007: 31, 32, 33',,,,,,,,,,
A,Annuale,IT,Italia,E_ITSPVAC2_PERC,Con difficoltà a ricoprire i posti vacanti  (incidenza %),0036,'Fornitura di energia elettrica, gas, vapore e aria condizionata, acqua, reti fognarie, attività di gestione dei rifiuti e risanamento (d-e)',W_GE10,10 e più,2024,3.99,,,,,,,,,,,,,,,,,,
A,Annuale,IT,Italia,E_ITSPVAC2_PERC,Con difficoltà a ricoprire i posti vacanti  (incidenza %),F,Costruzioni,W_GE10,10 e più,2024,1.32,,,,,,,ATECO_2007__F_N1,'Costruzioni: in questo aggregato sono comprese le seguenti attività economiche in termini di Ateco 2007: 41, 42, 43',,,,,,,,,,
A,Annuale,IT,Italia,E_ITSPVAC2_PERC,Con difficoltà a ricoprire i posti vacanti  (incidenza %),G,'Commercio all"'ingrosso e al dettaglio, riparazione di autoveicoli e motocicli',W_GE10,10 e più,2024,2.42,,,,,,,ATECO_2007__G_N1,'Commercio all"'ingrosso e al dettaglio riparazione di autoveicoli e motocicli: in questo aggregato sono comprese le seguenti attività economiche in termini di Ateco 2007: 45, 46, 47',,,,,,,,,,
A,Annuale,IT,Italia,E_ITSPVAC2_PERC,Con difficoltà a ricoprire i posti vacanti  (incidenza %),47,Commercio al dettaglio (escluso quello di autoveicoli e di motocicli),W_GE10,10 e più,2024,1.51,,,,,,,,,,,,,,,,,,
A,Annuale,IT,Italia,E_ITSPVAC2_PERC,Con difficoltà a ricoprire i posti vacanti  (incidenza %),0049,'Trasporto e magazzinaggio, esclusi servizi postali e corrieri (h escluso 53)',W_GE10,10 e più,2024,2.01,,,,,,,ATECO_2007__0049_N1,'Trasporto e magazzinaggio, esclusi servizi postali e corrieri (h escluso 53): in questo aggregato sono comprese le seguenti attività economiche in termini di Ateco 2007: 49, 50, 51, 52',,,,,,,,,,
A,Annuale,IT,Italia,E_ITSPVAC2_PERC,Con difficoltà a ricoprire i posti vacanti  (incidenza %),53,Servizi postali e attività di corriere,W_GE10,10 e più,2024,1.74,,,,,,,,,,,,,,,,,,
A,Annuale,IT,Italia,E_ITSPVAC2_PERC,Con difficoltà a ricoprire i posti vacanti  (incidenza %),55,Alloggio,W_GE10,10 e più,2024,2.47,,,,,,,,,,,,,,,,,,
A,Annuale,IT,Italia,E_ITSPVAC2_PERC,Con difficoltà a ricoprire i posti vacanti  (incidenza %),56,Attività dei servizi di ristorazione,W_GE10,10 e più,2024,0.09,,,,,,,,,,,,,,,,,,
A,Annuale,IT,Italia,E_ITSPVAC2_PERC,Con difficoltà a ricoprire i posti vacanti  (incidenza %),JA_X_58,'Attività di produzione cinematografica, di video e di programmi televisivi, di registrazioni musicali e sonore',W_GE10,10 e più,2024,3.56,,,,,,,ATECO_2007__JA_X_58_N1,'Attività di produzione cinematografica, di video e di programmi televisivi, di registrazioni musicali e sonore: in questo aggregato sono comprese le seguenti attività economiche in termini di Ateco 2007: 59, 60',,,,,,,,,,
A,Annuale,IT,Italia,E_ITSPVAC2_PERC,Con difficoltà a ricoprire i posti vacanti  (incidenza %),58,Attività editoriali,W_GE10,10 e più,2024,14.06,,,,,,,,,,,,,,,,,,
A,Annuale,IT,Italia,E_ITSPVAC2_PERC,Con difficoltà a ricoprire i posti vacanti  (incidenza %),61,Telecomunicazioni,W_GE10,10 e più,2024,30.07,,,,,,,,,,,,,,,,,,
A,Annuale,IT,Italia,E_ITSPVAC2_PERC,Con difficoltà a ricoprire i posti vacanti  (incidenza %),JC,'Informatica ed altri servizi d"'informazione',W_GE10,10 e più,2024,22.7,,,,,,,ATECO_2007__JC_N1,'Informatica ed altri servizi d"'informazione: in questo aggregato sono comprese le seguenti attività economiche in termini di Ateco 2007: 62, 63',,,,,,,,,,
A,Annuale,IT,Italia,E_ITSPVAC2_PERC,Con difficoltà a ricoprire i posti vacanti  (incidenza %),68,Attività immobiliari,W_GE10,10 e più,2024,2.12,,,,,,,,,,,,,,,,,,
A,Annuale,IT,Italia,E_ITSPVAC2_PERC,Con difficoltà a ricoprire i posti vacanti  (incidenza %),M,'Attività professionali, scientifiche e tecniche',W_GE10,10 e più,2024,6.25,,,,,,,,,,,,,,,,,,
A,Annuale,IT,Italia,E_ITSPVAC2_PERC,Con difficoltà a ricoprire i posti vacanti  (incidenza %),0032,'Noleggio, agenzie di viaggio, servizi di supporto alle imprese escluso attività dei servizi delle agenzie di viaggio, dei tour operator e servizi di prenotazione e attività connesse (N escluso 79)',W_GE10,10 e più,2024,2.47,,,,,,,ATECO_2007__0032_N1,'Noleggio, agenzie di viaggio, servizi di supporto alle imprese escluso attività dei servizi delle agenzie di viaggio, dei tour operator e servizi di prenotazione e attività connesse (N escluso 79): in questo aggregato sono comprese le seguenti attività economiche in termini di Ateco 2007: 77, 78, 80, 81, 82',,,,,,,,,,
A,Annuale,IT,Italia,E_ITSPVAC2_PERC,Con difficoltà a ricoprire i posti vacanti  (incidenza %),79,'Attività dei servizi delle agenzie di viaggio, dei tour operator e servizi di prenotazione e attività connesse',W_GE10,10 e più,2024,2.35,,,,,,,,,,,,,,,,,,
A,Annuale,IT,Italia,E_ITSPVAC2_PERC,Con difficoltà a ricoprire i posti vacanti  (incidenza %),0033,Settore ict,W_GE10,10 e più,2024,21.03,,,,,,,ATECO_2007__0033_N1,'Settore ict: in questo aggregato sono comprese le seguenti attività economiche in termini di Ateco 2007: 261, 262, 263, 264, 268, 465, 582, 61, 62, 631, 951',,,,,,,,,,
A,Annuale,IT,Italia,E_ITSPVAC2_PERC,Con difficoltà a ricoprire i posti vacanti  (incidenza %),0034_B,'Totale servizi non finanziari (g-n, incluso 951, escluso k)',W_GE10,10 e più,2024,3.42,,,,,,,,,,,,,,,,,,
A,Annuale,IT,Italia,E_ITSPVAC2_PERC,Con difficoltà a ricoprire i posti vacanti  (incidenza %),0035_B,'Totale attività economiche (c-n, inclusa la 951, escluso k)',W_GE10,10 e più,2024,2.91,,,,,,,,,,,,,,,,,,
A,Annuale,IT,Italia,E_ITT2_PERC,'Imprese che hanno organizzato nell"'anno precedente corsi di formazione per sviluppare o aggiornare le competenze ICT/IT dei propri addetti',C,Attività manifatturiere,W_GE10,10 e più,2024,20.01,,,,,,,,,,,,,,,,,,
A,Annuale,IT,Italia,E_ITT2_PERC,'Imprese che hanno organizzato nell"'anno precedente corsi di formazione per sviluppare o aggiornare le competenze ICT/IT dei propri addetti',CA,'Industrie alimentari, delle bevande e del tabacco',W_GE10,10 e più,2024,17.65,,,,,,,ATECO_2007__CA_N1,'Industrie alimentari, delle bevande e del tabacco: in questo aggregato sono comprese le seguenti attività economiche in termini di Ateco 2007: 10, 11, 12',,,,,,,,,,
A,Annuale,IT,Italia,E_ITT2_PERC,'Imprese che hanno organizzato nell"'anno precedente corsi di formazione per sviluppare o aggiornare le competenze ICT/IT dei propri addetti',CB,'Industrie tessili, dell"'abbigliamento, articoli in pelle e simili',W_GE10,10 e più,2024,17.9,,,,,,,ATECO_2007__CB_N1,'Industrie tessili, dell"'abbigliamento, articoli in pelle e simili: in questo aggregato sono comprese le seguenti attività economiche in termini di Ateco 2007: 13, 14, 15',,,,,,,,,,
A,Annuale,IT,Italia,E_ITT2_PERC,'Imprese che hanno organizzato nell"'anno precedente corsi di formazione per sviluppare o aggiornare le competenze ICT/IT dei propri addetti',CC,'Industria dei prodotti in legno e carta, stampa',W_GE10,10 e più,2024,19.49,,,,,,,ATECO_2007__CC_N1,'Industria dei prodotti in legno e carta, stampa: in questo aggregato sono comprese le seguenti attività economiche in termini di Ateco 2007: 16, 17, 18',,,,,,,,,,
A,Annuale,IT,Italia,E_ITT2_PERC,'Imprese che hanno organizzato nell"'anno precedente corsi di formazione per sviluppare o aggiornare le competenze ICT/IT dei propri addetti',CD-CG,'Fabbricazione di coke e di prodotti derivanti dalla raffinazione del petrolio, di prodotti chimici,  di prodotti farmaceutici, di articoli in gomma e materie plastiche e di prodotti della lavorazione di minerali non metalliferi',W_GE10,10 e più,2024,22.2,,,,,,,ATECO_2007__CD-CG_N1,'Fabbricazione di coke e di prodotti derivanti dalla raffinazione del petrolio, di prodotti chimici, di prodotti farmaceutici, di articoli in gomma e materie plastiche e di prodotti della lavorazione di minerali non metalliferi: in questo aggregato sono comprese le seguenti attività economiche in termini di Ateco 2007: 19, 20, 21, 22, 23',,,,,,,,,,
A,Annuale,IT,Italia,E_ITT2_PERC,'Imprese che hanno organizzato nell"'anno precedente corsi di formazione per sviluppare o aggiornare le competenze ICT/IT dei propri addetti',CH,Metallurgia  e fabbricazione di prodotti in metallo esclusi macchinari e attrezzature,W_GE10,10 e più,2024,19.39,,,,,,,ATECO_2007__CH_N1,'Metallurgia e fabbricazione di prodotti in metallo esclusi macchinari e attrezzature: in questo aggregato sono comprese le seguenti attività economiche in termini di Ateco 2007: 24, 25',,,,,,,,,,
A,Annuale,IT,Italia,E_ITT2_PERC,'Imprese che hanno organizzato nell"'anno precedente corsi di formazione per sviluppare o aggiornare le competenze ICT/IT dei propri addetti',26,'Fabbricazione di computer e prodotti di elettronica e ottica, apparecchi elettromedicali, apparecchi di misurazione e di orologi',W_GE10,10 e più,2024,40.62,,,,,,,,,,,,,,,,,,
A,Annuale,IT,Italia,E_ITT2_PERC,'Imprese che hanno organizzato nell"'anno precedente corsi di formazione per sviluppare o aggiornare le competenze ICT/IT dei propri addetti',CJ-CK,Fabbricazione di apparecchiature elettriche ed apparecchiature per uso domestico non elettriche e di macchinari ed apparecchiature nca,W_GE10,10 e più,2024,25.08,,,,,,,ATECO_2007__CJ-CK_N1,'Fabbricazione di apparecchiature elettriche ed apparecchiature per uso domestico non elettriche e di macchinari ed apparecchiature nca: in questo aggregato sono comprese le seguenti attività economiche in termini di Ateco 2007: 27, 28',,,,,,,,,,
A,Annuale,IT,Italia,E_ITT2_PERC,'Imprese che hanno organizzato nell"'anno precedente corsi di formazione per sviluppare o aggiornare le competenze ICT/IT dei propri addetti',CL,Fabbricazione di mezzi di trasporto,W_GE10,10 e più,2024,20.03,,,,,,,ATECO_2007__CL_N1,'Fabbricazione di mezzi di trasporto: in questo aggregato sono comprese le seguenti attività economiche in termini di Ateco 2007: 29, 30',,,,,,,,,,
A,Annuale,IT,Italia,E_ITT2_PERC,'Imprese che hanno organizzato nell"'anno precedente corsi di formazione per sviluppare o aggiornare le competenze ICT/IT dei propri addetti',CM,'Altre industrie manifatturiere, riparazione e installazione di macchine e apparecchiature',W_GE10,10 e più,2024,14.11,,,,,,,ATECO_2007__CM_N1,'Altre industrie manifatturiere, riparazione e installazione di macchine e apparecchiature: in questo aggregato sono comprese le seguenti attività economiche in termini di Ateco 2007: 31, 32, 33',,,,,,,,,,
A,Annuale,IT,Italia,E_ITT2_PERC,'Imprese che hanno organizzato nell"'anno precedente corsi di formazione per sviluppare o aggiornare le competenze ICT/IT dei propri addetti',0036,'Fornitura di energia elettrica, gas, vapore e aria condizionata, acqua, reti fognarie, attività di gestione dei rifiuti e risanamento (d-e)',W_GE10,10 e più,2024,20.59,,,,,,,,,,,,,,,,,,
A,Annuale,IT,Italia,E_ITT2_PERC,'Imprese che hanno organizzato nell"'anno precedente corsi di formazione per sviluppare o aggiornare le competenze ICT/IT dei propri addetti',F,Costruzioni,W_GE10,10 e più,2024,11.65,,,,,,,ATECO_2007__F_N1,'Costruzioni: in questo aggregato sono comprese le seguenti attività economiche in termini di Ateco 2007: 41, 42, 43',,,,,,,,,,
A,Annuale,IT,Italia,E_ITT2_PERC,'Imprese che hanno organizzato nell"'anno precedente corsi di formazione per sviluppare o aggiornare le competenze ICT/IT dei propri addetti',G,'Commercio all"'ingrosso e al dettaglio, riparazione di autoveicoli e motocicli',W_GE10,10 e più,2024,17.12,,,,,,,ATECO_2007__G_N1,'Commercio all"'ingrosso e al dettaglio riparazione di autoveicoli e motocicli: in questo aggregato sono comprese le seguenti attività economiche in termini di Ateco 2007: 45, 46, 47',,,,,,,,,,
A,Annuale,IT,Italia,E_ITT2_PERC,'Imprese che hanno organizzato nell"'anno precedente corsi di formazione per sviluppare o aggiornare le competenze ICT/IT dei propri addetti',47,Commercio al dettaglio (escluso quello di autoveicoli e di motocicli),W_GE10,10 e più,2024,11.41,,,,,,,,,,,,,,,,,,
A,Annuale,IT,Italia,E_ITT2_PERC,'Imprese che hanno organizzato nell"'anno precedente corsi di formazione per sviluppare o aggiornare le competenze ICT/IT dei propri addetti',0049,'Trasporto e magazzinaggio, esclusi servizi postali e corrieri (h escluso 53)',W_GE10,10 e più,2024,13.43,,,,,,,ATECO_2007__0049_N1,'Trasporto e magazzinaggio, esclusi servizi postali e corrieri (h escluso 53): in questo aggregato sono comprese le seguenti attività economiche in termini di Ateco 2007: 49, 50, 51, 52',,,,,,,,,,
A,Annuale,IT,Italia,E_ITT2_PERC,'Imprese che hanno organizzato nell"'anno precedente corsi di formazione per sviluppare o aggiornare le competenze ICT/IT dei propri addetti',53,Servizi postali e attività di corriere,W_GE10,10 e più,2024,3.99,,,,,,,,,,,,,,,,,,
A,Annuale,IT,Italia,E_ITT2_PERC,'Imprese che hanno organizzato nell"'anno precedente corsi di formazione per sviluppare o aggiornare le competenze ICT/IT dei propri addetti',55,Alloggio,W_GE10,10 e più,2024,21.87,,,,,,,,,,,,,,,,,,
A,Annuale,IT,Italia,E_ITT2_PERC,'Imprese che hanno organizzato nell"'anno precedente corsi di formazione per sviluppare o aggiornare le competenze ICT/IT dei propri addetti',56,Attività dei servizi di ristorazione,W_GE10,10 e più,2024,5.96,,,,,,,,,,,,,,,,,,
A,Annuale,IT,Italia,E_ITT2_PERC,'Imprese che hanno organizzato nell"'anno precedente corsi di formazione per sviluppare o aggiornare le competenze ICT/IT dei propri addetti',JA_X_58,'Attività di produzione cinematografica, di video e di programmi televisivi, di registrazioni musicali e sonore',W_GE10,10 e più,2024,13.98,,,,,,,ATECO_2007__JA_X_58_N1,'Attività di produzione cinematografica, di video e di programmi televisivi, di registrazioni musicali e sonore: in questo aggregato sono comprese le seguenti attività economiche in termini di Ateco 2007: 59, 60',,,,,,,,,,
A,Annuale,IT,Italia,E_ITT2_PERC,'Imprese che hanno organizzato nell"'anno precedente corsi di formazione per sviluppare o aggiornare le competenze ICT/IT dei propri addetti',58,Attività editoriali,W_GE10,10 e più,2024,27.89,,,,,,,,,,,,,,,,,,
A,Annuale,IT,Italia,E_ITT2_PERC,'Imprese che hanno organizzato nell"'anno precedente corsi di formazione per sviluppare o aggiornare le competenze ICT/IT dei propri addetti',61,Telecomunicazioni,W_GE10,10 e più,2024,60.15,,,,,,,,,,,,,,,,,,
A,Annuale,IT,Italia,E_ITT2_PERC,'Imprese che hanno organizzato nell"'anno precedente corsi di formazione per sviluppare o aggiornare le competenze ICT/IT dei propri addetti',JC,'Informatica ed altri servizi d"'informazione',W_GE10,10 e più,2024,57.23,,,,,,,ATECO_2007__JC_N1,'Informatica ed altri servizi d"'informazione: in questo aggregato sono comprese le seguenti attività economiche in termini di Ateco 2007: 62, 63',,,,,,,,,,
A,Annuale,IT,Italia,E_ITT2_PERC,'Imprese che hanno organizzato nell"'anno precedente corsi di formazione per sviluppare o aggiornare le competenze ICT/IT dei propri addetti',68,Attività immobiliari,W_GE10,10 e più,2024,19.44,,,,,,,,,,,,,,,,,,
A,Annuale,IT,Italia,E_ITT2_PERC,'Imprese che hanno organizzato nell"'anno precedente corsi di formazione per sviluppare o aggiornare le competenze ICT/IT dei propri addetti',M,'Attività professionali, scientifiche e tecniche',W_GE10,10 e più,2024,28.21,,,,,,,,,,,,,,,,,,
A,Annuale,IT,Italia,E_ITT2_PERC,'Imprese che hanno organizzato nell"'anno precedente corsi di formazione per sviluppare o aggiornare le competenze ICT/IT dei propri addetti',0032,'Noleggio, agenzie di viaggio, servizi di supporto alle imprese escluso attività dei servizi delle agenzie di viaggio, dei tour operator e servizi di prenotazione e attività connesse (N escluso 79)',W_GE10,10 e più,2024,16.59,,,,,,,ATECO_2007__0032_N1,'Noleggio, agenzie di viaggio, servizi di supporto alle imprese escluso attività dei servizi delle agenzie di viaggio, dei tour operator e servizi di prenotazione e attività connesse (N escluso 79): in questo aggregato sono comprese le seguenti attività economiche in termini di Ateco 2007: 77, 78, 80, 81, 82',,,,,,,,,,
A,Annuale,IT,Italia,E_ITT2_PERC,'Imprese che hanno organizzato nell"'anno precedente corsi di formazione per sviluppare o aggiornare le competenze ICT/IT dei propri addetti',79,'Attività dei servizi delle agenzie di viaggio, dei tour operator e servizi di prenotazione e attività connesse',W_GE10,10 e più,2024,21.48,,,,,,,,,,,,,,,,,,
A,Annuale,IT,Italia,E_ITT2_PERC,'Imprese che hanno organizzato nell"'anno precedente corsi di formazione per sviluppare o aggiornare le competenze ICT/IT dei propri addetti',0033,Settore ict,W_GE10,10 e più,2024,56.03,,,,,,,ATECO_2007__0033_N1,'Settore ict: in questo aggregato sono comprese le seguenti attività economiche in termini di Ateco 2007: 261, 262, 263, 264, 268, 465, 582, 61, 62, 631, 951',,,,,,,,,,
A,Annuale,IT,Italia,E_ITT2_PERC,'Imprese che hanno organizzato nell"'anno precedente corsi di formazione per sviluppare o aggiornare le competenze ICT/IT dei propri addetti',0034_B,'Totale servizi non finanziari (g-n, incluso 951, escluso k)',W_GE10,10 e più,2024,17.91,,,,,,,,,,,,,,,,,,
A,Annuale,IT,Italia,E_ITT2_PERC,'Imprese che hanno organizzato nell"'anno precedente corsi di formazione per sviluppare o aggiornare le competenze ICT/IT dei propri addetti',0035_B,'Totale attività economiche (c-n, inclusa la 951, escluso k)',W_GE10,10 e più,2024,17.82,,,,,,,,,,,,,,,,,,
A,Annuale,IT,Italia,E_ITSPT2_PERC,Destinati agli addetti con competenze specialistiche in ICT  (incidenza %),C,Attività manifatturiere,W_GE10,10 e più,2024,7.07,,,,,,,,,,,,,,,,,,
A,Annuale,IT,Italia,E_ITSPT2_PERC,Destinati agli addetti con competenze specialistiche in ICT  (incidenza %),CA,'Industrie alimentari, delle bevande e del tabacco',W_GE10,10 e più,2024,6.21,,,,,,,ATECO_2007__CA_N1,'Industrie alimentari, delle bevande e del tabacco: in questo aggregato sono comprese le seguenti attività economiche in termini di Ateco 2007: 10, 11, 12',,,,,,,,,,
A,Annuale,IT,Italia,E_ITSPT2_PERC,Destinati agli addetti con competenze specialistiche in ICT  (incidenza %),CB,'Industrie tessili, dell"'abbigliamento, articoli in pelle e simili',W_GE10,10 e più,2024,3.61,,,,,,,ATECO_2007__CB_N1,'Industrie tessili, dell"'abbigliamento, articoli in pelle e simili: in questo aggregato sono comprese le seguenti attività economiche in termini di Ateco 2007: 13, 14, 15',,,,,,,,,,
A,Annuale,IT,Italia,E_ITSPT2_PERC,Destinati agli addetti con competenze specialistiche in ICT  (incidenza %),CC,'Industria dei prodotti in legno e carta, stampa',W_GE10,10 e più,2024,4.24,,,,,,,ATECO_2007__CC_N1,'Industria dei prodotti in legno e carta, stampa: in questo aggregato sono comprese le seguenti attività economiche in termini di Ateco 2007: 16, 17, 18',,,,,,,,,,
A,Annuale,IT,Italia,E_ITSPT2_PERC,Destinati agli addetti con competenze specialistiche in ICT  (incidenza %),CD-CG,'Fabbricazione di coke e di prodotti derivanti dalla raffinazione del petrolio, di prodotti chimici,  di prodotti farmaceutici, di articoli in gomma e materie plastiche e di prodotti della lavorazione di minerali non metalliferi',W_GE10,10 e più,2024,10.63,,,,,,,ATECO_2007__CD-CG_N1,'Fabbricazione di coke e di prodotti derivanti dalla raffinazione del petrolio, di prodotti chimici, di prodotti farmaceutici, di articoli in gomma e materie plastiche e di prodotti della lavorazione di minerali non metalliferi: in questo aggregato sono comprese le seguenti attività economiche in termini di Ateco 2007: 19, 20, 21, 22, 23',,,,,,,,,,
A,Annuale,IT,Italia,E_ITSPT2_PERC,Destinati agli addetti con competenze specialistiche in ICT  (incidenza %),CH,Metallurgia  e fabbricazione di prodotti in metallo esclusi macchinari e attrezzature,W_GE10,10 e più,2024,6,,,,,,,ATECO_2007__CH_N1,'Metallurgia e fabbricazione di prodotti in metallo esclusi macchinari e attrezzature: in questo aggregato sono comprese le seguenti attività economiche in termini di Ateco 2007: 24, 25',,,,,,,,,,
A,Annuale,IT,Italia,E_ITSPT2_PERC,Destinati agli addetti con competenze specialistiche in ICT  (incidenza %),26,'Fabbricazione di computer e prodotti di elettronica e ottica, apparecchi elettromedicali, apparecchi di misurazione e di orologi',W_GE10,10 e più,2024,18.82,,,,,,,,,,,,,,,,,,
A,Annuale,IT,Italia,E_ITSPT2_PERC,Destinati agli addetti con competenze specialistiche in ICT  (incidenza %),CJ-CK,Fabbricazione di apparecchiature elettriche ed apparecchiature per uso domestico non elettriche e di macchinari ed apparecchiature nca,W_GE10,10 e più,2024,10.6,,,,,,,ATECO_2007__CJ-CK_N1,'Fabbricazione di apparecchiature elettriche ed apparecchiature per uso domestico non elettriche e di macchinari ed apparecchiature nca: in questo aggregato sono comprese le seguenti attività economiche in termini di Ateco 2007: 27, 28',,,,,,,,,,
A,Annuale,IT,Italia,E_ITSPT2_PERC,Destinati agli addetti con competenze specialistiche in ICT  (incidenza %),CL,Fabbricazione di mezzi di trasporto,W_GE10,10 e più,2024,8.71,,,,,,,ATECO_2007__CL_N1,'Fabbricazione di mezzi di trasporto: in questo aggregato sono comprese le seguenti attività economiche in termini di Ateco 2007: 29, 30',,,,,,,,,,
A,Annuale,IT,Italia,E_ITSPT2_PERC,Destinati agli addetti con competenze specialistiche in ICT  (incidenza %),CM,'Altre industrie manifatturiere, riparazione e installazione di macchine e apparecchiature',W_GE10,10 e più,2024,5.34,,,,,,,ATECO_2007__CM_N1,'Altre industrie manifatturiere, riparazione e installazione di macchine e apparecchiature: in questo aggregato sono comprese le seguenti attività economiche in termini di Ateco 2007: 31, 32, 33',,,,,,,,,,
A,Annuale,IT,Italia,E_ITSPT2_PERC,Destinati agli addetti con competenze specialistiche in ICT  (incidenza %),0036,'Fornitura di energia elettrica, gas, vapore e aria condizionata, acqua, reti fognarie, attività di gestione dei rifiuti e risanamento (d-e)',W_GE10,10 e più,2024,10.17,,,,,,,,,,,,,,,,,,
A,Annuale,IT,Italia,E_ITSPT2_PERC,Destinati agli addetti con competenze specialistiche in ICT  (incidenza %),F,Costruzioni,W_GE10,10 e più,2024,3.38,,,,,,,ATECO_2007__F_N1,'Costruzioni: in questo aggregato sono comprese le seguenti attività economiche in termini di Ateco 2007: 41, 42, 43',,,,,,,,,,
A,Annuale,IT,Italia,E_ITSPT2_PERC,Destinati agli addetti con competenze specialistiche in ICT  (incidenza %),G,'Commercio all"'ingrosso e al dettaglio, riparazione di autoveicoli e motocicli',W_GE10,10 e più,2024,6.46,,,,,,,ATECO_2007__G_N1,'Commercio all"'ingrosso e al dettaglio riparazione di autoveicoli e motocicli: in questo aggregato sono comprese le seguenti attività economiche in termini di Ateco 2007: 45, 46, 47',,,,,,,,,,
A,Annuale,IT,Italia,E_ITSPT2_PERC,Destinati agli addetti con competenze specialistiche in ICT  (incidenza %),47,Commercio al dettaglio (escluso quello di autoveicoli e di motocicli),W_GE10,10 e più,2024,2.34,,,,,,,,,,,,,,,,,,
A,Annuale,IT,Italia,E_ITSPT2_PERC,Destinati agli addetti con competenze specialistiche in ICT  (incidenza %),0049,'Trasporto e magazzinaggio, esclusi servizi postali e corrieri (h escluso 53)',W_GE10,10 e più,2024,4.73,,,,,,,ATECO_2007__0049_N1,'Trasporto e magazzinaggio, esclusi servizi postali e corrieri (h escluso 53): in questo aggregato sono comprese le seguenti attività economiche in termini di Ateco 2007: 49, 50, 51, 52',,,,,,,,,,
A,Annuale,IT,Italia,E_ITSPT2_PERC,Destinati agli addetti con competenze specialistiche in ICT  (incidenza %),53,Servizi postali e attività di corriere,W_GE10,10 e più,2024,3.99,,,,,,,,,,,,,,,,,,
A,Annuale,IT,Italia,E_ITSPT2_PERC,Destinati agli addetti con competenze specialistiche in ICT  (incidenza %),55,Alloggio,W_GE10,10 e più,2024,5.26,,,,,,,,,,,,,,,,,,
A,Annuale,IT,Italia,E_ITSPT2_PERC,Destinati agli addetti con competenze specialistiche in ICT  (incidenza %),56,Attività dei servizi di ristorazione,W_GE10,10 e più,2024,0.57,,,,,,,,,,,,,,,,,,
A,Annuale,IT,Italia,E_ITSPT2_PERC,Destinati agli addetti con competenze specialistiche in ICT  (incidenza %),JA_X_58,'Attività di produzione cinematografica, di video e di programmi televisivi, di registrazioni musicali e sonore',W_GE10,10 e più,2024,7.88,,,,,,,ATECO_2007__JA_X_58_N1,'Attività di produzione cinematografica, di video e di programmi televisivi, di registrazioni musicali e sonore: in questo aggregato sono comprese le seguenti attività economiche in termini di Ateco 2007: 59, 60',,,,,,,,,,
A,Annuale,IT,Italia,E_ITSPT2_PERC,Destinati agli addetti con competenze specialistiche in ICT  (incidenza %),58,Attività editoriali,W_GE10,10 e più,2024,23.69,,,,,,,,,,,,,,,,,,
A,Annuale,IT,Italia,E_ITSPT2_PERC,Destinati agli addetti con competenze specialistiche in ICT  (incidenza %),61,Telecomunicazioni,W_GE10,10 e più,2024,53.8,,,,,,,,,,,,,,,,,,
A,Annuale,IT,Italia,E_ITSPT2_PERC,Destinati agli addetti con competenze specialistiche in ICT  (incidenza %),JC,'Informatica ed altri servizi d"'informazione',W_GE10,10 e più,2024,49.42,,,,,,,ATECO_2007__JC_N1,'Informatica ed altri servizi d"'informazione: in questo aggregato sono comprese le seguenti attività economiche in termini di Ateco 2007: 62, 63',,,,,,,,,,
A,Annuale,IT,Italia,E_ITSPT2_PERC,Destinati agli addetti con competenze specialistiche in ICT  (incidenza %),68,Attività immobiliari,W_GE10,10 e più,2024,12.29,,,,,,,,,,,,,,,,,,
A,Annuale,IT,Italia,E_ITSPT2_PERC,Destinati agli addetti con competenze specialistiche in ICT  (incidenza %),M,'Attività professionali, scientifiche e tecniche',W_GE10,10 e più,2024,12.85,,,,,,,,,,,,,,,,,,
A,Annuale,IT,Italia,E_ITSPT2_PERC,Destinati agli addetti con competenze specialistiche in ICT  (incidenza %),0032,'Noleggio, agenzie di viaggio, servizi di supporto alle imprese escluso attività dei servizi delle agenzie di viaggio, dei tour operator e servizi di prenotazione e attività connesse (N escluso 79)',W_GE10,10 e più,2024,7.82,,,,,,,ATECO_2007__0032_N1,'Noleggio, agenzie di viaggio, servizi di supporto alle imprese escluso attività dei servizi delle agenzie di viaggio, dei tour operator e servizi di prenotazione e attività connesse (N escluso 79): in questo aggregato sono comprese le seguenti attività economiche in termini di Ateco 2007: 77, 78, 80, 81, 82',,,,,,,,,,
A,Annuale,IT,Italia,E_ITSPT2_PERC,Destinati agli addetti con competenze specialistiche in ICT  (incidenza %),79,'Attività dei servizi delle agenzie di viaggio, dei tour operator e servizi di prenotazione e attività connesse',W_GE10,10 e più,2024,8.46,,,,,,,,,,,,,,,,,,
A,Annuale,IT,Italia,E_ITSPT2_PERC,Destinati agli addetti con competenze specialistiche in ICT  (incidenza %),0033,Settore ict,W_GE10,10 e più,2024,46.74,,,,,,,ATECO_2007__0033_N1,'Settore ict: in questo aggregato sono comprese le seguenti attività economiche in termini di Ateco 2007: 261, 262, 263, 264, 268, 465, 582, 61, 62, 631, 951',,,,,,,,,,
A,Annuale,IT,Italia,E_ITSPT2_PERC,Destinati agli addetti con competenze specialistiche in ICT  (incidenza %),0034_B,'Totale servizi non finanziari (g-n, incluso 951, escluso k)',W_GE10,10 e più,2024,8.19,,,,,,,,,,,,,,,,,,
A,Annuale,IT,Italia,E_ITSPT2_PERC,Destinati agli addetti con competenze specialistiche in ICT  (incidenza %),0035_B,'Totale attività economiche (c-n, inclusa la 951, escluso k)',W_GE10,10 e più,2024,7.24,,,,,,,,,,,,,,,,,,
A,Annuale,IT,Italia,E_ITUST2_PERC,Destinati agli addetti senza competenze specialistiche in ICT/IT  (incidenza %),C,Attività manifatturiere,W_GE10,10 e più,2024,17.87,,,,,,,,,,,,,,,,,,
A,Annuale,IT,Italia,E_ITUST2_PERC,Destinati agli addetti senza competenze specialistiche in ICT/IT  (incidenza %),CA,'Industrie alimentari, delle bevande e del tabacco',W_GE10,10 e più,2024,15.66,,,,,,,ATECO_2007__CA_N1,'Industrie alimentari, delle bevande e del tabacco: in questo aggregato sono comprese le seguenti attività economiche in termini di Ateco 2007: 10, 11, 12',,,,,,,,,,
A,Annuale,IT,Italia,E_ITUST2_PERC,Destinati agli addetti senza competenze specialistiche in ICT/IT  (incidenza %),CB,'Industrie tessili, dell"'abbigliamento, articoli in pelle e simili',W_GE10,10 e più,2024,16.61,,,,,,,ATECO_2007__CB_N1,'Industrie tessili, dell"'abbigliamento, articoli in pelle e simili: in questo aggregato sono comprese le seguenti attività economiche in termini di Ateco 2007: 13, 14, 15',,,,,,,,,,
A,Annuale,IT,Italia,E_ITUST2_PERC,Destinati agli addetti senza competenze specialistiche in ICT/IT  (incidenza %),CC,'Industria dei prodotti in legno e carta, stampa',W_GE10,10 e più,2024,17.78,,,,,,,ATECO_2007__CC_N1,'Industria dei prodotti in legno e carta, stampa: in questo aggregato sono comprese le seguenti attività economiche in termini di Ateco 2007: 16, 17, 18',,,,,,,,,,
A,Annuale,IT,Italia,E_ITUST2_PERC,Destinati agli addetti senza competenze specialistiche in ICT/IT  (incidenza %),CD-CG,'Fabbricazione di coke e di prodotti derivanti dalla raffinazione del petrolio, di prodotti chimici,  di prodotti farmaceutici, di articoli in gomma e materie plastiche e di prodotti della lavorazione di minerali non metalliferi',W_GE10,10 e più,2024,18.12,,,,,,,ATECO_2007__CD-CG_N1,'Fabbricazione di coke e di prodotti derivanti dalla raffinazione del petrolio, di prodotti chimici, di prodotti farmaceutici, di articoli in gomma e materie plastiche e di prodotti della lavorazione di minerali non metalliferi: in questo aggregato sono comprese le seguenti attività economiche in termini di Ateco 2007: 19, 20, 21, 22, 23',,,,,,,,,,
A,Annuale,IT,Italia,E_ITUST2_PERC,Destinati agli addetti senza competenze specialistiche in ICT/IT  (incidenza %),CH,Metallurgia  e fabbricazione di prodotti in metallo esclusi macchinari e attrezzature,W_GE10,10 e più,2024,17.66,,,,,,,ATECO_2007__CH_N1,'Metallurgia e fabbricazione di prodotti in metallo esclusi macchinari e attrezzature: in questo aggregato sono comprese le seguenti attività economiche in termini di Ateco 2007: 24, 25',,,,,,,,,,
A,Annuale,IT,Italia,E_ITUST2_PERC,Destinati agli addetti senza competenze specialistiche in ICT/IT  (incidenza %),26,'Fabbricazione di computer e prodotti di elettronica e ottica, apparecchi elettromedicali, apparecchi di misurazione e di orologi',W_GE10,10 e più,2024,36.45,,,,,,,,,,,,,,,,,,
A,Annuale,IT,Italia,E_ITUST2_PERC,Destinati agli addetti senza competenze specialistiche in ICT/IT  (incidenza %),CJ-CK,Fabbricazione di apparecchiature elettriche ed apparecchiature per uso domestico non elettriche e di macchinari ed apparecchiature nca,W_GE10,10 e più,2024,22.35,,,,,,,ATECO_2007__CJ-CK_N1,'Fabbricazione di apparecchiature elettriche ed apparecchiature per uso domestico non elettriche e di macchinari ed apparecchiature nca: in questo aggregato sono comprese le seguenti attività economiche in termini di Ateco 2007: 27, 28',,,,,,,,,,
A,Annuale,IT,Italia,E_ITUST2_PERC,Destinati agli addetti senza competenze specialistiche in ICT/IT  (incidenza %),CL,Fabbricazione di mezzi di trasporto,W_GE10,10 e più,2024,17.53,,,,,,,ATECO_2007__CL_N1,'Fabbricazione di mezzi di trasporto: in questo aggregato sono comprese le seguenti attività economiche in termini di Ateco 2007: 29, 30',,,,,,,,,,
A,Annuale,IT,Italia,E_ITUST2_PERC,Destinati agli addetti senza competenze specialistiche in ICT/IT  (incidenza %),CM,'Altre industrie manifatturiere, riparazione e installazione di macchine e apparecchiature',W_GE10,10 e più,2024,12.88,,,,,,,ATECO_2007__CM_N1,'Altre industrie manifatturiere, riparazione e installazione di macchine e apparecchiature: in questo aggregato sono comprese le seguenti attività economiche in termini di Ateco 2007: 31, 32, 33',,,,,,,,,,
A,Annuale,IT,Italia,E_ITUST2_PERC,Destinati agli addetti senza competenze specialistiche in ICT/IT  (incidenza %),0036,'Fornitura di energia elettrica, gas, vapore e aria condizionata, acqua, reti fognarie, attività di gestione dei rifiuti e risanamento (d-e)',W_GE10,10 e più,2024,17.39,,,,,,,,,,,,,,,,,,
A,Annuale,IT,Italia,E_ITUST2_PERC,Destinati agli addetti senza competenze specialistiche in ICT/IT  (incidenza %),F,Costruzioni,W_GE10,10 e più,2024,10.71,,,,,,,ATECO_2007__F_N1,'Costruzioni: in questo aggregato sono comprese le seguenti attività economiche in termini di Ateco 2007: 41, 42, 43',,,,,,,,,,
A,Annuale,IT,Italia,E_ITUST2_PERC,Destinati agli addetti senza competenze specialistiche in ICT/IT  (incidenza %),G,'Commercio all"'ingrosso e al dettaglio, riparazione di autoveicoli e motocicli',W_GE10,10 e più,2024,14.77,,,,,,,ATECO_2007__G_N1,'Commercio all"'ingrosso e al dettaglio riparazione di autoveicoli e motocicli: in questo aggregato sono comprese le seguenti attività economiche in termini di Ateco 2007: 45, 46, 47',,,,,,,,,,
A,Annuale,IT,Italia,E_ITUST2_PERC,Destinati agli addetti senza competenze specialistiche in ICT/IT  (incidenza %),47,Commercio al dettaglio (escluso quello di autoveicoli e di motocicli),W_GE10,10 e più,2024,10.58,,,,,,,,,,,,,,,,,,
A,Annuale,IT,Italia,E_ITUST2_PERC,Destinati agli addetti senza competenze specialistiche in ICT/IT  (incidenza %),0049,'Trasporto e magazzinaggio, esclusi servizi postali e corrieri (h escluso 53)',W_GE10,10 e più,2024,11.52,,,,,,,ATECO_2007__0049_N1,'Trasporto e magazzinaggio, esclusi servizi postali e corrieri (h escluso 53): in questo aggregato sono comprese le seguenti attività economiche in termini di Ateco 2007: 49, 50, 51, 52',,,,,,,,,,
A,Annuale,IT,Italia,E_ITUST2_PERC,Destinati agli addetti senza competenze specialistiche in ICT/IT  (incidenza %),53,Servizi postali e attività di corriere,W_GE10,10 e più,2024,3.22,,,,,,,,,,,,,,,,,,
A,Annuale,IT,Italia,E_ITUST2_PERC,Destinati agli addetti senza competenze specialistiche in ICT/IT  (incidenza %),55,Alloggio,W_GE10,10 e più,2024,19.81,,,,,,,,,,,,,,,,,,
A,Annuale,IT,Italia,E_ITUST2_PERC,Destinati agli addetti senza competenze specialistiche in ICT/IT  (incidenza %),56,Attività dei servizi di ristorazione,W_GE10,10 e più,2024,5.95,,,,,,,,,,,,,,,,,,
A,Annuale,IT,Italia,E_ITUST2_PERC,Destinati agli addetti senza competenze specialistiche in ICT/IT  (incidenza %),JA_X_58,'Attività di produzione cinematografica, di video e di programmi televisivi, di registrazioni musicali e sonore',W_GE10,10 e più,2024,10.3,,,,,,,ATECO_2007__JA_X_58_N1,'Attività di produzione cinematografica, di video e di programmi televisivi, di registrazioni musicali e sonore: in questo aggregato sono comprese le seguenti attività economiche in termini di Ateco 2007: 59, 60',,,,,,,,,,
A,Annuale,IT,Italia,E_ITUST2_PERC,Destinati agli addetti senza competenze specialistiche in ICT/IT  (incidenza %),58,Attività editoriali,W_GE10,10 e più,2024,22.44,,,,,,,,,,,,,,,,,,
A,Annuale,IT,Italia,E_ITUST2_PERC,Destinati agli addetti senza competenze specialistiche in ICT/IT  (incidenza %),61,Telecomunicazioni,W_GE10,10 e più,2024,47.27,,,,,,,,,,,,,,,,,,
A,Annuale,IT,Italia,E_ITUST2_PERC,Destinati agli addetti senza competenze specialistiche in ICT/IT  (incidenza %),JC,'Informatica ed altri servizi d"'informazione',W_GE10,10 e più,2024,41.83,,,,,,,ATECO_2007__JC_N1,'Informatica ed altri servizi d"'informazione: in questo aggregato sono comprese le seguenti attività economiche in termini di Ateco 2007: 62, 63',,,,,,,,,,
A,Annuale,IT,Italia,E_ITUST2_PERC,Destinati agli addetti senza competenze specialistiche in ICT/IT  (incidenza %),68,Attività immobiliari,W_GE10,10 e più,2024,11.31,,,,,,,,,,,,,,,,,,
A,Annuale,IT,Italia,E_ITUST2_PERC,Destinati agli addetti senza competenze specialistiche in ICT/IT  (incidenza %),M,'Attività professionali, scientifiche e tecniche',W_GE10,10 e più,2024,23.71,,,,,,,,,,,,,,,,,,
A,Annuale,IT,Italia,E_ITUST2_PERC,Destinati agli addetti senza competenze specialistiche in ICT/IT  (incidenza %),0032,'Noleggio, agenzie di viaggio, servizi di supporto alle imprese escluso attività dei servizi delle agenzie di viaggio, dei tour operator e servizi di prenotazione e attività connesse (N escluso 79)',W_GE10,10 e più,2024,13.28,,,,,,,ATECO_2007__0032_N1,'Noleggio, agenzie di viaggio, servizi di supporto alle imprese escluso attività dei servizi delle agenzie di viaggio, dei tour operator e servizi di prenotazione e attività connesse (N escluso 79): in questo aggregato sono comprese le seguenti attività economiche in termini di Ateco 2007: 77, 78, 80, 81, 82',,,,,,,,,,
A,Annuale,IT,Italia,E_ITUST2_PERC,Destinati agli addetti senza competenze specialistiche in ICT/IT  (incidenza %),79,'Attività dei servizi delle agenzie di viaggio, dei tour operator e servizi di prenotazione e attività connesse',W_GE10,10 e più,2024,17.97,,,,,,,,,,,,,,,,,,
A,Annuale,IT,Italia,E_ITUST2_PERC,Destinati agli addetti senza competenze specialistiche in ICT/IT  (incidenza %),0033,Settore ict,W_GE10,10 e più,2024,41.56,,,,,,,ATECO_2007__0033_N1,'Settore ict: in questo aggregato sono comprese le seguenti attività economiche in termini di Ateco 2007: 261, 262, 263, 264, 268, 465, 582, 61, 62, 631, 951',,,,,,,,,,
A,Annuale,IT,Italia,E_ITUST2_PERC,Destinati agli addetti senza competenze specialistiche in ICT/IT  (incidenza %),0034_B,'Totale servizi non finanziari (g-n, incluso 951, escluso k)',W_GE10,10 e più,2024,15.04,,,,,,,,,,,,,,,,,,
A,Annuale,IT,Italia,E_ITUST2_PERC,Destinati agli addetti senza competenze specialistiche in ICT/IT  (incidenza %),0035_B,'Totale attività economiche (c-n, inclusa la 951, escluso k)',W_GE10,10 e più,2024,15.43,,,,,,,,,,,,,,,,,,
A,Annuale,IT,Italia,E_IT_OWN_PERC,'Funzioni ict svolte da personale interno all"'impresa o al gruppo (incidenza %)',C,Attività manifatturiere,W_GE10,10 e più,2024,22.26,,,,,,,,,,,,,,,,,,
A,Annuale,IT,Italia,E_IT_OWN_PERC,'Funzioni ict svolte da personale interno all"'impresa o al gruppo (incidenza %)',CA,'Industrie alimentari, delle bevande e del tabacco',W_GE10,10 e più,2024,14.03,,,,,,,ATECO_2007__CA_N1,'Industrie alimentari, delle bevande e del tabacco: in questo aggregato sono comprese le seguenti attività economiche in termini di Ateco 2007: 10, 11, 12',,,,,,,,,,
A,Annuale,IT,Italia,E_IT_OWN_PERC,'Funzioni ict svolte da personale interno all"'impresa o al gruppo (incidenza %)',CB,'Industrie tessili, dell"'abbigliamento, articoli in pelle e simili',W_GE10,10 e più,2024,10.9,,,,,,,ATECO_2007__CB_N1,'Industrie tessili, dell"'abbigliamento, articoli in pelle e simili: in questo aggregato sono comprese le seguenti attività economiche in termini di Ateco 2007: 13, 14, 15',,,,,,,,,,
A,Annuale,IT,Italia,E_IT_OWN_PERC,'Funzioni ict svolte da personale interno all"'impresa o al gruppo (incidenza %)',CC,'Industria dei prodotti in legno e carta, stampa',W_GE10,10 e più,2024,20.59,,,,,,,ATECO_2007__CC_N1,'Industria dei prodotti in legno e carta, stampa: in questo aggregato sono comprese le seguenti attività economiche in termini di Ateco 2007: 16, 17, 18',,,,,,,,,,
A,Annuale,IT,Italia,E_IT_OWN_PERC,'Funzioni ict svolte da personale interno all"'impresa o al gruppo (incidenza %)',CD-CG,'Fabbricazione di coke e di prodotti derivanti dalla raffinazione del petrolio, di prodotti chimici,  di prodotti farmaceutici, di articoli in gomma e materie plastiche e di prodotti della lavorazione di minerali non metalliferi',W_GE10,10 e più,2024,31.9,,,,,,,ATECO_2007__CD-CG_N1,'Fabbricazione di coke e di prodotti derivanti dalla raffinazione del petrolio, di prodotti chimici, di prodotti farmaceutici, di articoli in gomma e materie plastiche e di prodotti della lavorazione di minerali non metalliferi: in questo aggregato sono comprese le seguenti attività economiche in termini di Ateco 2007: 19, 20, 21, 22, 23',,,,,,,,,,
A,Annuale,IT,Italia,E_IT_OWN_PERC,'Funzioni ict svolte da personale interno all"'impresa o al gruppo (incidenza %)',CH,Metallurgia  e fabbricazione di prodotti in metallo esclusi macchinari e attrezzature,W_GE10,10 e più,2024,18.18,,,,,,,ATECO_2007__CH_N1,'Metallurgia e fabbricazione di prodotti in metallo esclusi macchinari e attrezzature: in questo aggregato sono comprese le seguenti attività economiche in termini di Ateco 2007: 24, 25',,,,,,,,,,
A,Annuale,IT,Italia,E_IT_OWN_PERC,'Funzioni ict svolte da personale interno all"'impresa o al gruppo (incidenza %)',26,'Fabbricazione di computer e prodotti di elettronica e ottica, apparecchi elettromedicali, apparecchi di misurazione e di orologi',W_GE10,10 e più,2024,46.52,,,,,,,,,,,,,,,,,,
A,Annuale,IT,Italia,E_IT_OWN_PERC,'Funzioni ict svolte da personale interno all"'impresa o al gruppo (incidenza %)',CJ-CK,Fabbricazione di apparecchiature elettriche ed apparecchiature per uso domestico non elettriche e di macchinari ed apparecchiature nca,W_GE10,10 e più,2024,32.38,,,,,,,ATECO_2007__CJ-CK_N1,'Fabbricazione di apparecchiature elettriche ed apparecchiature per uso domestico non elettriche e di macchinari ed apparecchiature nca: in questo aggregato sono comprese le seguenti attività economiche in termini di Ateco 2007: 27, 28',,,,,,,,,,
A,Annuale,IT,Italia,E_IT_OWN_PERC,'Funzioni ict svolte da personale interno all"'impresa o al gruppo (incidenza %)',CL,Fabbricazione di mezzi di trasporto,W_GE10,10 e più,2024,35.76,,,,,,,ATECO_2007__CL_N1,'Fabbricazione di mezzi di trasporto: in questo aggregato sono comprese le seguenti attività economiche in termini di Ateco 2007: 29, 30',,,,,,,,,,
A,Annuale,IT,Italia,E_IT_OWN_PERC,'Funzioni ict svolte da personale interno all"'impresa o al gruppo (incidenza %)',CM,'Altre industrie manifatturiere, riparazione e installazione di macchine e apparecchiature',W_GE10,10 e più,2024,23.35,,,,,,,ATECO_2007__CM_N1,'Altre industrie manifatturiere, riparazione e installazione di macchine e apparecchiature: in questo aggregato sono comprese le seguenti attività economiche in termini di Ateco 2007: 31, 32, 33',,,,,,,,,,
A,Annuale,IT,Italia,E_IT_OWN_PERC,'Funzioni ict svolte da personale interno all"'impresa o al gruppo (incidenza %)',0036,'Fornitura di energia elettrica, gas, vapore e aria condizionata, acqua, reti fognarie, attività di gestione dei rifiuti e risanamento (d-e)',W_GE10,10 e più,2024,30.4,,,,,,,,,,,,,,,,,,
A,Annuale,IT,Italia,E_IT_OWN_PERC,'Funzioni ict svolte da personale interno all"'impresa o al gruppo (incidenza %)',F,Costruzioni,W_GE10,10 e più,2024,12.66,,,,,,,ATECO_2007__F_N1,'Costruzioni: in questo aggregato sono comprese le seguenti attività economiche in termini di Ateco 2007: 41, 42, 43',,,,,,,,,,
A,Annuale,IT,Italia,E_IT_OWN_PERC,'Funzioni ict svolte da personale interno all"'impresa o al gruppo (incidenza %)',G,'Commercio all"'ingrosso e al dettaglio, riparazione di autoveicoli e motocicli',W_GE10,10 e più,2024,22.02,,,,,,,ATECO_2007__G_N1,'Commercio all"'ingrosso e al dettaglio riparazione di autoveicoli e motocicli: in questo aggregato sono comprese le seguenti attività economiche in termini di Ateco 2007: 45, 46, 47',,,,,,,,,,
A,Annuale,IT,Italia,E_IT_OWN_PERC,'Funzioni ict svolte da personale interno all"'impresa o al gruppo (incidenza %)',47,Commercio al dettaglio (escluso quello di autoveicoli e di motocicli),W_GE10,10 e più,2024,16.09,,,,,,,,,,,,,,,,,,
A,Annuale,IT,Italia,E_IT_OWN_PERC,'Funzioni ict svolte da personale interno all"'impresa o al gruppo (incidenza %)',0049,'Trasporto e magazzinaggio, esclusi servizi postali e corrieri (h escluso 53)',W_GE10,10 e più,2024,19.67,,,,,,,ATECO_2007__0049_N1,'Trasporto e magazzinaggio, esclusi servizi postali e corrieri (h escluso 53): in questo aggregato sono comprese le seguenti attività economiche in termini di Ateco 2007: 49, 50, 51, 52',,,,,,,,,,
A,Annuale,IT,Italia,E_IT_OWN_PERC,'Funzioni ict svolte da personale interno all"'impresa o al gruppo (incidenza %)',53,Servizi postali e attività di corriere,W_GE10,10 e più,2024,20.64,,,,,,,,,,,,,,,,,,
A,Annuale,IT,Italia,E_IT_OWN_PERC,'Funzioni ict svolte da personale interno all"'impresa o al gruppo (incidenza %)',55,Alloggio,W_GE10,10 e più,2024,11.74,,,,,,,,,,,,,,,,,,
A,Annuale,IT,Italia,E_IT_OWN_PERC,'Funzioni ict svolte da personale interno all"'impresa o al gruppo (incidenza %)',56,Attività dei servizi di ristorazione,W_GE10,10 e più,2024,6.84,,,,,,,,,,,,,,,,,,
A,Annuale,IT,Italia,E_IT_OWN_PERC,'Funzioni ict svolte da personale interno all"'impresa o al gruppo (incidenza %)',JA_X_58,'Attività di produzione cinematografica, di video e di programmi televisivi, di registrazioni musicali e sonore',W_GE10,10 e più,2024,46.91,,,,,,,ATECO_2007__JA_X_58_N1,'Attività di produzione cinematografica, di video e di programmi televisivi, di registrazioni musicali e sonore: in questo aggregato sono comprese le seguenti attività economiche in termini di Ateco 2007: 59, 60',,,,,,,,,,
A,Annuale,IT,Italia,E_IT_OWN_PERC,'Funzioni ict svolte da personale interno all"'impresa o al gruppo (incidenza %)',58,Attività editoriali,W_GE10,10 e più,2024,63.22,,,,,,,,,,,,,,,,,,
A,Annuale,IT,Italia,E_IT_OWN_PERC,'Funzioni ict svolte da personale interno all"'impresa o al gruppo (incidenza %)',61,Telecomunicazioni,W_GE10,10 e più,2024,80.63,,,,,,,,,,,,,,,,,,
A,Annuale,IT,Italia,E_IT_OWN_PERC,'Funzioni ict svolte da personale interno all"'impresa o al gruppo (incidenza %)',JC,'Informatica ed altri servizi d"'informazione',W_GE10,10 e più,2024,70.4,,,,,,,ATECO_2007__JC_N1,'Informatica ed altri servizi d"'informazione: in questo aggregato sono comprese le seguenti attività economiche in termini di Ateco 2007: 62, 63',,,,,,,,,,
A,Annuale,IT,Italia,E_IT_OWN_PERC,'Funzioni ict svolte da personale interno all"'impresa o al gruppo (incidenza %)',68,Attività immobiliari,W_GE10,10 e più,2024,29.64,,,,,,,,,,,,,,,,,,
A,Annuale,IT,Italia,E_IT_OWN_PERC,'Funzioni ict svolte da personale interno all"'impresa o al gruppo (incidenza %)',M,'Attività professionali, scientifiche e tecniche',W_GE10,10 e più,2024,33.96,,,,,,,,,,,,,,,,,,
A,Annuale,IT,Italia,E_IT_OWN_PERC,'Funzioni ict svolte da personale interno all"'impresa o al gruppo (incidenza %)',0032,'Noleggio, agenzie di viaggio, servizi di supporto alle imprese escluso attività dei servizi delle agenzie di viaggio, dei tour operator e servizi di prenotazione e attività connesse (N escluso 79)',W_GE10,10 e più,2024,22.66,,,,,,,ATECO_2007__0032_N1,'Noleggio, agenzie di viaggio, servizi di supporto alle imprese escluso attività dei servizi delle agenzie di viaggio, dei tour operator e servizi di prenotazione e attività connesse (N escluso 79): in questo aggregato sono comprese le seguenti attività economiche in termini di Ateco 2007: 77, 78, 80, 81, 82',,,,,,,,,,
A,Annuale,IT,Italia,E_IT_OWN_PERC,'Funzioni ict svolte da personale interno all"'impresa o al gruppo (incidenza %)',79,'Attività dei servizi delle agenzie di viaggio, dei tour operator e servizi di prenotazione e attività connesse',W_GE10,10 e più,2024,25.56,,,,,,,,,,,,,,,,,,
A,Annuale,IT,Italia,E_IT_OWN_PERC,'Funzioni ict svolte da personale interno all"'impresa o al gruppo (incidenza %)',0033,Settore ict,W_GE10,10 e più,2024,69.25,,,,,,,ATECO_2007__0033_N1,'Settore ict: in questo aggregato sono comprese le seguenti attività economiche in termini di Ateco 2007: 261, 262, 263, 264, 268, 465, 582, 61, 62, 631, 951',,,,,,,,,,
A,Annuale,IT,Italia,E_IT_OWN_PERC,'Funzioni ict svolte da personale interno all"'impresa o al gruppo (incidenza %)',0034_B,'Totale servizi non finanziari (g-n, incluso 951, escluso k)',W_GE10,10 e più,2024,22.28,,,,,,,,,,,,,,,,,,
A,Annuale,IT,Italia,E_IT_OWN_PERC,'Funzioni ict svolte da personale interno all"'impresa o al gruppo (incidenza %)',0035_B,'Totale attività economiche (c-n, inclusa la 951, escluso k)',W_GE10,10 e più,2024,21.16,,,,,,,,,,,,,,,,,,
A,Annuale,IT,Italia,E_IT_EXT_PERC,Funzioni ict svolte da personale esterno (incidenza %),C,Attività manifatturiere,W_GE10,10 e più,2024,80.45,,,,,,,,,,,,,,,,,,
A,Annuale,IT,Italia,E_IT_EXT_PERC,Funzioni ict svolte da personale esterno (incidenza %),CA,'Industrie alimentari, delle bevande e del tabacco',W_GE10,10 e più,2024,73.72,,,,,,,ATECO_2007__CA_N1,'Industrie alimentari, delle bevande e del tabacco: in questo aggregato sono comprese le seguenti attività economiche in termini di Ateco 2007: 10, 11, 12',,,,,,,,,,
A,Annuale,IT,Italia,E_IT_EXT_PERC,Funzioni ict svolte da personale esterno (incidenza %),CB,'Industrie tessili, dell"'abbigliamento, articoli in pelle e simili',W_GE10,10 e più,2024,81.68,,,,,,,ATECO_2007__CB_N1,'Industrie tessili, dell"'abbigliamento, articoli in pelle e simili: in questo aggregato sono comprese le seguenti attività economiche in termini di Ateco 2007: 13, 14, 15',,,,,,,,,,
A,Annuale,IT,Italia,E_IT_EXT_PERC,Funzioni ict svolte da personale esterno (incidenza %),CC,'Industria dei prodotti in legno e carta, stampa',W_GE10,10 e più,2024,77.62,,,,,,,ATECO_2007__CC_N1,'Industria dei prodotti in legno e carta, stampa: in questo aggregato sono comprese le seguenti attività economiche in termini di Ateco 2007: 16, 17, 18',,,,,,,,,,
A,Annuale,IT,Italia,E_IT_EXT_PERC,Funzioni ict svolte da personale esterno (incidenza %),CD-CG,'Fabbricazione di coke e di prodotti derivanti dalla raffinazione del petrolio, di prodotti chimici,  di prodotti farmaceutici, di articoli in gomma e materie plastiche e di prodotti della lavorazione di minerali non metalliferi',W_GE10,10 e più,2024,81.07,,,,,,,ATECO_2007__CD-CG_N1,'Fabbricazione di coke e di prodotti derivanti dalla raffinazione del petrolio, di prodotti chimici, di prodotti farmaceutici, di articoli in gomma e materie plastiche e di prodotti della lavorazione di minerali non metalliferi: in questo aggregato sono comprese le seguenti attività economiche in termini di Ateco 2007: 19, 20, 21, 22, 23',,,,,,,,,,
A,Annuale,IT,Italia,E_IT_EXT_PERC,Funzioni ict svolte da personale esterno (incidenza %),CH,Metallurgia  e fabbricazione di prodotti in metallo esclusi macchinari e attrezzature,W_GE10,10 e più,2024,79.09,,,,,,,ATECO_2007__CH_N1,'Metallurgia e fabbricazione di prodotti in metallo esclusi macchinari e attrezzature: in questo aggregato sono comprese le seguenti attività economiche in termini di Ateco 2007: 24, 25',,,,,,,,,,
A,Annuale,IT,Italia,E_IT_EXT_PERC,Funzioni ict svolte da personale esterno (incidenza %),26,'Fabbricazione di computer e prodotti di elettronica e ottica, apparecchi elettromedicali, apparecchi di misurazione e di orologi',W_GE10,10 e più,2024,74.19,,,,,,,,,,,,,,,,,,
A,Annuale,IT,Italia,E_IT_EXT_PERC,Funzioni ict svolte da personale esterno (incidenza %),CJ-CK,Fabbricazione di apparecchiature elettriche ed apparecchiature per uso domestico non elettriche e di macchinari ed apparecchiature nca,W_GE10,10 e più,2024,87.57,,,,,,,ATECO_2007__CJ-CK_N1,'Fabbricazione di apparecchiature elettriche ed apparecchiature per uso domestico non elettriche e di macchinari ed apparecchiature nca: in questo aggregato sono comprese le seguenti attività economiche in termini di Ateco 2007: 27, 28',,,,,,,,,,
A,Annuale,IT,Italia,E_IT_EXT_PERC,Funzioni ict svolte da personale esterno (incidenza %),CL,Fabbricazione di mezzi di trasporto,W_GE10,10 e più,2024,78.56,,,,,,,ATECO_2007__CL_N1,'Fabbricazione di mezzi di trasporto: in questo aggregato sono comprese le seguenti attività economiche in termini di Ateco 2007: 29, 30',,,,,,,,,,
A,Annuale,IT,Italia,E_IT_EXT_PERC,Funzioni ict svolte da personale esterno (incidenza %),CM,'Altre industrie manifatturiere, riparazione e installazione di macchine e apparecchiature',W_GE10,10 e più,2024,81.74,,,,,,,ATECO_2007__CM_N1,'Altre industrie manifatturiere, riparazione e installazione di macchine e apparecchiature: in questo aggregato sono comprese le seguenti attività economiche in termini di Ateco 2007: 31, 32, 33',,,,,,,,,,
A,Annuale,IT,Italia,E_IT_EXT_PERC,Funzioni ict svolte da personale esterno (incidenza %),0036,'Fornitura di energia elettrica, gas, vapore e aria condizionata, acqua, reti fognarie, attività di gestione dei rifiuti e risanamento (d-e)',W_GE10,10 e più,2024,75.17,,,,,,,,,,,,,,,,,,
A,Annuale,IT,Italia,E_IT_EXT_PERC,Funzioni ict svolte da personale esterno (incidenza %),F,Costruzioni,W_GE10,10 e più,2024,68.06,,,,,,,ATECO_2007__F_N1,'Costruzioni: in questo aggregato sono comprese le seguenti attività economiche in termini di Ateco 2007: 41, 42, 43',,,,,,,,,,
A,Annuale,IT,Italia,E_IT_EXT_PERC,Funzioni ict svolte da personale esterno (incidenza %),G,'Commercio all"'ingrosso e al dettaglio, riparazione di autoveicoli e motocicli',W_GE10,10 e più,2024,72.92,,,,,,,ATECO_2007__G_N1,'Commercio all"'ingrosso e al dettaglio riparazione di autoveicoli e motocicli: in questo aggregato sono comprese le seguenti attività economiche in termini di Ateco 2007: 45, 46, 47',,,,,,,,,,
A,Annuale,IT,Italia,E_IT_EXT_PERC,Funzioni ict svolte da personale esterno (incidenza %),47,Commercio al dettaglio (escluso quello di autoveicoli e di motocicli),W_GE10,10 e più,2024,66.14,,,,,,,,,,,,,,,,,,
A,Annuale,IT,Italia,E_IT_EXT_PERC,Funzioni ict svolte da personale esterno (incidenza %),0049,'Trasporto e magazzinaggio, esclusi servizi postali e corrieri (h escluso 53)',W_GE10,10 e più,2024,64.29,,,,,,,ATECO_2007__0049_N1,'Trasporto e magazzinaggio, esclusi servizi postali e corrieri (h escluso 53): in questo aggregato sono comprese le seguenti attività economiche in termini di Ateco 2007: 49, 50, 51, 52',,,,,,,,,,
A,Annuale,IT,Italia,E_IT_EXT_PERC,Funzioni ict svolte da personale esterno (incidenza %),53,Servizi postali e attività di corriere,W_GE10,10 e più,2024,66.26,,,,,,,,,,,,,,,,,,
A,Annuale,IT,Italia,E_IT_EXT_PERC,Funzioni ict svolte da personale esterno (incidenza %),55,Alloggio,W_GE10,10 e più,2024,82.04,,,,,,,,,,,,,,,,,,
A,Annuale,IT,Italia,E_IT_EXT_PERC,Funzioni ict svolte da personale esterno (incidenza %),56,Attività dei servizi di ristorazione,W_GE10,10 e più,2024,51.43,,,,,,,,,,,,,,,,,,
A,Annuale,IT,Italia,E_IT_EXT_PERC,Funzioni ict svolte da personale esterno (incidenza %),JA_X_58,'Attività di produzione cinematografica, di video e di programmi televisivi, di registrazioni musicali e sonore',W_GE10,10 e più,2024,75.31,,,,,,,ATECO_2007__JA_X_58_N1,'Attività di produzione cinematografica, di video e di programmi televisivi, di registrazioni musicali e sonore: in questo aggregato sono comprese le seguenti attività economiche in termini di Ateco 2007: 59, 60',,,,,,,,,,
A,Annuale,IT,Italia,E_IT_EXT_PERC,Funzioni ict svolte da personale esterno (incidenza %),58,Attività editoriali,W_GE10,10 e più,2024,74.04,,,,,,,,,,,,,,,,,,
A,Annuale,IT,Italia,E_IT_EXT_PERC,Funzioni ict svolte da personale esterno (incidenza %),61,Telecomunicazioni,W_GE10,10 e più,2024,58.3,,,,,,,,,,,,,,,,,,
A,Annuale,IT,Italia,E_IT_EXT_PERC,Funzioni ict svolte da personale esterno (incidenza %),JC,'Informatica ed altri servizi d"'informazione',W_GE10,10 e più,2024,61.82,,,,,,,ATECO_2007__JC_N1,'Informatica ed altri servizi d"'informazione: in questo aggregato sono comprese le seguenti attività economiche in termini di Ateco 2007: 62, 63',,,,,,,,,,
A,Annuale,IT,Italia,E_IT_EXT_PERC,Funzioni ict svolte da personale esterno (incidenza %),68,Attività immobiliari,W_GE10,10 e più,2024,76.26,,,,,,,,,,,,,,,,,,
A,Annuale,IT,Italia,E_IT_EXT_PERC,Funzioni ict svolte da personale esterno (incidenza %),M,'Attività professionali, scientifiche e tecniche',W_GE10,10 e più,2024,79.36,,,,,,,,,,,,,,,,,,
A,Annuale,IT,Italia,E_IT_EXT_PERC,Funzioni ict svolte da personale esterno (incidenza %),0032,'Noleggio, agenzie di viaggio, servizi di supporto alle imprese escluso attività dei servizi delle agenzie di viaggio, dei tour operator e servizi di prenotazione e attività connesse (N escluso 79)',W_GE10,10 e più,2024,65.78,,,,,,,ATECO_2007__0032_N1,'Noleggio, agenzie di viaggio, servizi di supporto alle imprese escluso attività dei servizi delle agenzie di viaggio, dei tour operator e servizi di prenotazione e attività connesse (N escluso 79): in questo aggregato sono comprese le seguenti attività economiche in termini di Ateco 2007: 77, 78, 80, 81, 82',,,,,,,,,,
A,Annuale,IT,Italia,E_IT_EXT_PERC,Funzioni ict svolte da personale esterno (incidenza %),79,'Attività dei servizi delle agenzie di viaggio, dei tour operator e servizi di prenotazione e attività connesse',W_GE10,10 e più,2024,82.93,,,,,,,,,,,,,,,,,,
A,Annuale,IT,Italia,E_IT_EXT_PERC,Funzioni ict svolte da personale esterno (incidenza %),0033,Settore ict,W_GE10,10 e più,2024,61.14,,,,,,,ATECO_2007__0033_N1,'Settore ict: in questo aggregato sono comprese le seguenti attività economiche in termini di Ateco 2007: 261, 262, 263, 264, 268, 465, 582, 61, 62, 631, 951',,,,,,,,,,
A,Annuale,IT,Italia,E_IT_EXT_PERC,Funzioni ict svolte da personale esterno (incidenza %),0034_B,'Totale servizi non finanziari (g-n, incluso 951, escluso k)',W_GE10,10 e più,2024,67.53,,,,,,,,,,,,,,,,,,
A,Annuale,IT,Italia,E_IT_EXT_PERC,Funzioni ict svolte da personale esterno (incidenza %),0035_B,'Totale attività economiche (c-n, inclusa la 951, escluso k)',W_GE10,10 e più,2024,71.87,,,,,,,,,,,,,,,,,,
